,SMILES,Sequence,Library,HBA,HBD,RB,LOGP,TPSA,MW
0,NC(N)NCCC[C@H](NC(=O)[C@H](CCCNC(N)N)NC(=O)[C@H](CCCNC(N)N)NC(=O)[C@@H](N)Cc1cnc[nH]1)C(=O)O,HRRR,linear,15,15,24,-6.469100000000017,371.51,629.7720000000003
1,NC(N)NCCC[C@H](NC(=O)[C@@H](N)Cc1cnc[nH]1)C(=O)N[C@@H](CCCNC(N)N)C(=O)N[C@@H](CO)C(=O)O,HRRS,linear,13,13,20,-6.04760000000001,327.67,558.6450000000003
2,C[C@@H](O)[C@H](NC(=O)[C@H](CCCNC(N)N)NC(=O)[C@H](CCCNC(N)N)NC(=O)[C@@H](N)Cc1cnc[nH]1)C(=O)O,HRRT,linear,13,13,20,-5.6591000000000085,327.67,572.6720000000003
3,CN(C(=O)[C@H](CCCNC(N)N)NC(=O)[C@H](CCCNC(N)N)NC(=O)[C@@H](N)Cc1cnc[nH]1)[C@@H](CC(=O)O)C(O)O,HRRD(M),linear,14,13,21,-5.996900000000009,339.11,602.6980000000004
4,CN(C(=O)[C@H](CCCNC(N)N)NC(=O)[C@H](CCCNC(N)N)NC(=O)[C@@H](N)Cc1cnc[nH]1)[C@@H](CS)C(=O)O,HRRC(M),linear,13,12,20,-4.7679000000000045,298.65000000000003,588.7400000000004
5,CN(C(=O)[C@H](CCCNC(N)N)NC(=O)[C@H](CCCNC(N)N)NC(=O)[C@@H](N)Cc1cnc[nH]1)[C@@H](CCC(=O)O)C(O)O,HRRE(M),linear,14,13,22,-5.606800000000008,339.11,616.7250000000004
6,NC(N)NCCC[C@H](NC(=O)[C@H](CO)NC(=O)[C@H](CCCNC(N)N)NC(=O)[C@@H](N)Cc1cnc[nH]1)C(=O)O,HRSR,linear,13,13,20,-6.047600000000011,327.67,558.6450000000003
7,NC(N)NCCC[C@H](NC(=O)[C@@H](N)Cc1cnc[nH]1)C(=O)N[C@@H](CO)C(=O)N[C@@H](CO)C(=O)O,HRSS,linear,11,11,16,-5.626100000000003,283.83,487.5180000000002
8,C[C@@H](O)[C@H](NC(=O)[C@H](CO)NC(=O)[C@H](CCCNC(N)N)NC(=O)[C@@H](N)Cc1cnc[nH]1)C(=O)O,HRST,linear,11,11,16,-5.237600000000001,283.83,501.5450000000002
9,CN(C(=O)[C@H](CO)NC(=O)[C@H](CCCNC(N)N)NC(=O)[C@@H](N)Cc1cnc[nH]1)[C@@H](CC(=O)O)C(O)O,HRSD(M),linear,12,11,17,-5.575400000000002,295.27,531.5710000000003
10,CN(C(=O)[C@H](CO)NC(=O)[C@H](CCCNC(N)N)NC(=O)[C@@H](N)Cc1cnc[nH]1)[C@@H](CS)C(=O)O,HRSC(M),linear,11,10,16,-4.3463999999999965,254.80999999999997,517.6130000000002
11,CN(C(=O)[C@H](CO)NC(=O)[C@H](CCCNC(N)N)NC(=O)[C@@H](N)Cc1cnc[nH]1)[C@@H](CCC(=O)O)C(O)O,HRSE(M),linear,12,11,18,-5.185300000000001,295.27,545.5980000000003
12,C[C@@H](O)[C@H](NC(=O)[C@H](CCCNC(N)N)NC(=O)[C@@H](N)Cc1cnc[nH]1)C(=O)N[C@@H](CCCNC(N)N)C(=O)O,HRTR,linear,13,13,20,-5.659100000000009,327.67,572.6720000000003
13,C[C@@H](O)[C@H](NC(=O)[C@H](CCCNC(N)N)NC(=O)[C@@H](N)Cc1cnc[nH]1)C(=O)N[C@@H](CO)C(=O)O,HRTS,linear,11,11,16,-5.237600000000001,283.83,501.5450000000002
14,C[C@@H](O)[C@H](NC(=O)[C@@H](NC(=O)[C@H](CCCNC(N)N)NC(=O)[C@@H](N)Cc1cnc[nH]1)[C@@H](C)O)C(=O)O,HRTT,linear,11,11,16,-4.8491,283.83,515.5720000000001
15,C[C@@H](O)[C@H](NC(=O)[C@H](CCCNC(N)N)NC(=O)[C@@H](N)Cc1cnc[nH]1)C(=O)N(C)[C@@H](CC(=O)O)C(O)O,HRTD(M),linear,12,11,17,-5.1869000000000005,295.27,545.5980000000002
16,C[C@@H](O)[C@H](NC(=O)[C@H](CCCNC(N)N)NC(=O)[C@@H](N)Cc1cnc[nH]1)C(=O)N(C)[C@@H](CS)C(=O)O,HRTC(M),linear,11,10,16,-3.957899999999994,254.80999999999997,531.6400000000002
17,C[C@@H](O)[C@H](NC(=O)[C@H](CCCNC(N)N)NC(=O)[C@@H](N)Cc1cnc[nH]1)C(=O)N(C)[C@@H](CCC(=O)O)C(O)O,HRTE(M),linear,12,11,18,-4.796799999999999,295.27,559.6250000000002
18,CN(C(=O)[C@H](CCCNC(N)N)NC(=O)[C@@H](N)Cc1cnc[nH]1)[C@@H](CC(=O)N[C@@H](CCCNC(N)N)C(=O)O)C(O)O,HRD(M)R,linear,14,13,21,-5.996900000000011,339.11,602.6980000000004
19,CN(C(=O)[C@H](CCCNC(N)N)NC(=O)[C@@H](N)Cc1cnc[nH]1)[C@@H](CC(=O)N[C@@H](CO)C(=O)O)C(O)O,HRD(M)S,linear,12,11,17,-5.5754,295.27,531.5710000000003
20,C[C@@H](O)[C@H](NC(=O)C[C@@H](C(O)O)N(C)C(=O)[C@H](CCCNC(N)N)NC(=O)[C@@H](N)Cc1cnc[nH]1)C(=O)O,HRD(M)T,linear,12,11,17,-5.186899999999999,295.27,545.5980000000002
21,CN(C(=O)C[C@@H](C(O)O)N(C)C(=O)[C@H](CCCNC(N)N)NC(=O)[C@@H](N)Cc1cnc[nH]1)[C@@H](CC(=O)O)C(O)O,HRD(M)D(M),linear,13,11,18,-5.524700000000001,306.71,575.6240000000003
22,CN(C(=O)[C@H](CCCNC(N)N)NC(=O)[C@@H](N)Cc1cnc[nH]1)[C@@H](CC(=O)N(C)[C@@H](CS)C(=O)O)C(O)O,HRD(M)C(M),linear,12,10,17,-4.295699999999996,266.25,561.6660000000003
23,CN(C(=O)C[C@@H](C(O)O)N(C)C(=O)[C@H](CCCNC(N)N)NC(=O)[C@@H](N)Cc1cnc[nH]1)[C@@H](CCC(=O)O)C(O)O,HRD(M)E(M),linear,13,11,19,-5.1346,306.71,589.6510000000004
24,CN(C(=O)[C@H](CCCNC(N)N)NC(=O)[C@@H](N)Cc1cnc[nH]1)[C@@H](CS)C(=O)N[C@@H](CCCNC(N)N)C(=O)O,HRC(M)R,linear,13,12,20,-4.7679000000000045,298.65000000000003,588.7400000000004
25,CN(C(=O)[C@H](CCCNC(N)N)NC(=O)[C@@H](N)Cc1cnc[nH]1)[C@@H](CS)C(=O)N[C@@H](CO)C(=O)O,HRC(M)S,linear,11,10,16,-4.3463999999999965,254.80999999999997,517.6130000000002
26,C[C@@H](O)[C@H](NC(=O)[C@H](CS)N(C)C(=O)[C@H](CCCNC(N)N)NC(=O)[C@@H](N)Cc1cnc[nH]1)C(=O)O,HRC(M)T,linear,11,10,16,-3.957899999999994,254.80999999999997,531.6400000000002
27,CN(C(=O)[C@H](CS)N(C)C(=O)[C@H](CCCNC(N)N)NC(=O)[C@@H](N)Cc1cnc[nH]1)[C@@H](CC(=O)O)C(O)O,HRC(M)D(M),linear,12,10,17,-4.295699999999994,266.25,561.6660000000003
28,CN(C(=O)[C@H](CCCNC(N)N)NC(=O)[C@@H](N)Cc1cnc[nH]1)[C@@H](CS)C(=O)N(C)[C@@H](CS)C(=O)O,HRC(M)C(M),linear,11,9,16,-3.0666999999999924,225.79,547.7080000000002
29,CN(C(=O)[C@H](CS)N(C)C(=O)[C@H](CCCNC(N)N)NC(=O)[C@@H](N)Cc1cnc[nH]1)[C@@H](CCC(=O)O)C(O)O,HRC(M)E(M),linear,12,10,18,-3.9055999999999926,266.25,575.6930000000003
30,CN(C(=O)[C@H](CCCNC(N)N)NC(=O)[C@@H](N)Cc1cnc[nH]1)[C@@H](CCC(=O)N[C@@H](CCCNC(N)N)C(=O)O)C(O)O,HRE(M)R,linear,14,13,22,-5.606800000000012,339.11,616.7250000000004
31,CN(C(=O)[C@H](CCCNC(N)N)NC(=O)[C@@H](N)Cc1cnc[nH]1)[C@@H](CCC(=O)N[C@@H](CO)C(=O)O)C(O)O,HRE(M)S,linear,12,11,18,-5.185300000000001,295.27,545.5980000000003
32,C[C@@H](O)[C@H](NC(=O)CC[C@@H](C(O)O)N(C)C(=O)[C@H](CCCNC(N)N)NC(=O)[C@@H](N)Cc1cnc[nH]1)C(=O)O,HRE(M)T,linear,12,11,18,-4.796799999999999,295.27,559.6250000000002
33,CN(C(=O)CC[C@@H](C(O)O)N(C)C(=O)[C@H](CCCNC(N)N)NC(=O)[C@@H](N)Cc1cnc[nH]1)[C@@H](CC(=O)O)C(O)O,HRE(M)D(M),linear,13,11,19,-5.1346,306.71,589.6510000000004
34,CN(C(=O)[C@H](CCCNC(N)N)NC(=O)[C@@H](N)Cc1cnc[nH]1)[C@@H](CCC(=O)N(C)[C@@H](CS)C(=O)O)C(O)O,HRE(M)C(M),linear,12,10,18,-3.9055999999999926,266.25,575.6930000000003
35,CN(C(=O)CC[C@@H](C(O)O)N(C)C(=O)[C@H](CCCNC(N)N)NC(=O)[C@@H](N)Cc1cnc[nH]1)[C@@H](CCC(=O)O)C(O)O,HRE(M)E(M),linear,13,11,20,-4.744499999999998,306.71,603.6780000000005
36,NC(N)NCCC[C@H](NC(=O)[C@H](CCCNC(N)N)NC(=O)[C@H](CO)NC(=O)[C@@H](N)Cc1cnc[nH]1)C(=O)O,HSRR,linear,13,13,20,-6.047600000000011,327.67,558.6450000000003
37,NC(N)NCCC[C@H](NC(=O)[C@H](CO)NC(=O)[C@@H](N)Cc1cnc[nH]1)C(=O)N[C@@H](CO)C(=O)O,HSRS,linear,11,11,16,-5.626100000000004,283.83,487.51800000000026
38,C[C@@H](O)[C@H](NC(=O)[C@H](CCCNC(N)N)NC(=O)[C@H](CO)NC(=O)[C@@H](N)Cc1cnc[nH]1)C(=O)O,HSRT,linear,11,11,16,-5.237600000000002,283.83,501.54500000000024
39,CN(C(=O)[C@H](CCCNC(N)N)NC(=O)[C@H](CO)NC(=O)[C@@H](N)Cc1cnc[nH]1)[C@@H](CC(=O)O)C(O)O,HSRD(M),linear,12,11,17,-5.575400000000003,295.27,531.5710000000003
40,CN(C(=O)[C@H](CCCNC(N)N)NC(=O)[C@H](CO)NC(=O)[C@@H](N)Cc1cnc[nH]1)[C@@H](CS)C(=O)O,HSRC(M),linear,11,10,16,-4.3463999999999965,254.81,517.6130000000003
41,CN(C(=O)[C@H](CCCNC(N)N)NC(=O)[C@H](CO)NC(=O)[C@@H](N)Cc1cnc[nH]1)[C@@H](CCC(=O)O)C(O)O,HSRE(M),linear,12,11,18,-5.185300000000001,295.27,545.5980000000003
42,NC(N)NCCC[C@H](NC(=O)[C@H](CO)NC(=O)[C@H](CO)NC(=O)[C@@H](N)Cc1cnc[nH]1)C(=O)O,HSSR,linear,11,11,16,-5.626100000000003,283.83,487.5180000000003
43,N[C@@H](Cc1cnc[nH]1)C(=O)N[C@@H](CO)C(=O)N[C@@H](CO)C(=O)N[C@@H](CO)C(=O)O,HSSS,linear,9,9,12,-5.204599999999993,239.98999999999995,416.3910000000002
44,C[C@@H](O)[C@H](NC(=O)[C@H](CO)NC(=O)[C@H](CO)NC(=O)[C@@H](N)Cc1cnc[nH]1)C(=O)O,HSST,linear,9,9,12,-4.8160999999999925,239.98999999999995,430.4180000000002
45,CN(C(=O)[C@H](CO)NC(=O)[C@H](CO)NC(=O)[C@@H](N)Cc1cnc[nH]1)[C@@H](CC(=O)O)C(O)O,HSSD(M),linear,10,9,13,-5.153899999999991,251.42999999999995,460.44400000000024
46,CN(C(=O)[C@H](CO)NC(=O)[C@H](CO)NC(=O)[C@@H](N)Cc1cnc[nH]1)[C@@H](CS)C(=O)O,HSSC(M),linear,9,8,12,-3.924899999999992,210.96999999999997,446.4860000000002
47,CN(C(=O)[C@H](CO)NC(=O)[C@H](CO)NC(=O)[C@@H](N)Cc1cnc[nH]1)[C@@H](CCC(=O)O)C(O)O,HSSE(M),linear,10,9,14,-4.763799999999991,251.42999999999995,474.4710000000003
48,C[C@@H](O)[C@H](NC(=O)[C@H](CO)NC(=O)[C@@H](N)Cc1cnc[nH]1)C(=O)N[C@@H](CCCNC(N)N)C(=O)O,HSTR,linear,11,11,16,-5.237600000000002,283.83,501.54500000000036
49,C[C@@H](O)[C@H](NC(=O)[C@H](CO)NC(=O)[C@@H](N)Cc1cnc[nH]1)C(=O)N[C@@H](CO)C(=O)O,HSTS,linear,9,9,12,-4.8160999999999925,239.98999999999995,430.41800000000023
50,C[C@@H](O)[C@H](NC(=O)[C@@H](NC(=O)[C@H](CO)NC(=O)[C@@H](N)Cc1cnc[nH]1)[C@@H](C)O)C(=O)O,HSTT,linear,9,9,12,-4.427599999999992,239.98999999999995,444.4450000000002
51,C[C@@H](O)[C@H](NC(=O)[C@H](CO)NC(=O)[C@@H](N)Cc1cnc[nH]1)C(=O)N(C)[C@@H](CC(=O)O)C(O)O,HSTD(M),linear,10,9,13,-4.765399999999991,251.42999999999995,474.4710000000003
52,C[C@@H](O)[C@H](NC(=O)[C@H](CO)NC(=O)[C@@H](N)Cc1cnc[nH]1)C(=O)N(C)[C@@H](CS)C(=O)O,HSTC(M),linear,9,8,12,-3.536399999999992,210.96999999999997,460.51300000000026
53,C[C@@H](O)[C@H](NC(=O)[C@H](CO)NC(=O)[C@@H](N)Cc1cnc[nH]1)C(=O)N(C)[C@@H](CCC(=O)O)C(O)O,HSTE(M),linear,10,9,14,-4.37529999999999,251.42999999999995,488.49800000000033
54,CN(C(=O)[C@H](CO)NC(=O)[C@@H](N)Cc1cnc[nH]1)[C@@H](CC(=O)N[C@@H](CCCNC(N)N)C(=O)O)C(O)O,HSD(M)R,linear,12,11,17,-5.575400000000004,295.27,531.5710000000004
55,CN(C(=O)[C@H](CO)NC(=O)[C@@H](N)Cc1cnc[nH]1)[C@@H](CC(=O)N[C@@H](CO)C(=O)O)C(O)O,HSD(M)S,linear,10,9,13,-5.153899999999991,251.42999999999995,460.44400000000024
56,C[C@@H](O)[C@H](NC(=O)C[C@@H](C(O)O)N(C)C(=O)[C@H](CO)NC(=O)[C@@H](N)Cc1cnc[nH]1)C(=O)O,HSD(M)T,linear,10,9,13,-4.765399999999991,251.42999999999995,474.47100000000023
57,CN(C(=O)C[C@@H](C(O)O)N(C)C(=O)[C@H](CO)NC(=O)[C@@H](N)Cc1cnc[nH]1)[C@@H](CC(=O)O)C(O)O,HSD(M)D(M),linear,11,9,14,-5.1031999999999895,262.86999999999995,504.4970000000003
58,CN(C(=O)[C@H](CO)NC(=O)[C@@H](N)Cc1cnc[nH]1)[C@@H](CC(=O)N(C)[C@@H](CS)C(=O)O)C(O)O,HSD(M)C(M),linear,10,8,13,-3.8741999999999903,222.40999999999997,490.53900000000027
59,CN(C(=O)C[C@@H](C(O)O)N(C)C(=O)[C@H](CO)NC(=O)[C@@H](N)Cc1cnc[nH]1)[C@@H](CCC(=O)O)C(O)O,HSD(M)E(M),linear,11,9,15,-4.713099999999989,262.86999999999995,518.5240000000003
60,CN(C(=O)[C@H](CO)NC(=O)[C@@H](N)Cc1cnc[nH]1)[C@@H](CS)C(=O)N[C@@H](CCCNC(N)N)C(=O)O,HSC(M)R,linear,11,10,16,-4.3463999999999965,254.80999999999997,517.6130000000003
61,CN(C(=O)[C@H](CO)NC(=O)[C@@H](N)Cc1cnc[nH]1)[C@@H](CS)C(=O)N[C@@H](CO)C(=O)O,HSC(M)S,linear,9,8,12,-3.924899999999992,210.96999999999997,446.48600000000016
62,C[C@@H](O)[C@H](NC(=O)[C@H](CS)N(C)C(=O)[C@H](CO)NC(=O)[C@@H](N)Cc1cnc[nH]1)C(=O)O,HSC(M)T,linear,9,8,12,-3.5363999999999916,210.96999999999997,460.51300000000015
63,CN(C(=O)[C@H](CS)N(C)C(=O)[C@H](CO)NC(=O)[C@@H](N)Cc1cnc[nH]1)[C@@H](CC(=O)O)C(O)O,HSC(M)D(M),linear,10,8,13,-3.8741999999999903,222.40999999999997,490.5390000000002
64,CN(C(=O)[C@H](CO)NC(=O)[C@@H](N)Cc1cnc[nH]1)[C@@H](CS)C(=O)N(C)[C@@H](CS)C(=O)O,HSC(M)C(M),linear,9,7,12,-2.6451999999999933,181.95,476.5810000000002
65,CN(C(=O)[C@H](CS)N(C)C(=O)[C@H](CO)NC(=O)[C@@H](N)Cc1cnc[nH]1)[C@@H](CCC(=O)O)C(O)O,HSC(M)E(M),linear,10,8,14,-3.48409999999999,222.40999999999997,504.56600000000026
66,CN(C(=O)[C@H](CO)NC(=O)[C@@H](N)Cc1cnc[nH]1)[C@@H](CCC(=O)N[C@@H](CCCNC(N)N)C(=O)O)C(O)O,HSE(M)R,linear,12,11,18,-5.1853000000000025,295.27,545.5980000000004
67,CN(C(=O)[C@H](CO)NC(=O)[C@@H](N)Cc1cnc[nH]1)[C@@H](CCC(=O)N[C@@H](CO)C(=O)O)C(O)O,HSE(M)S,linear,10,9,14,-4.763799999999991,251.42999999999995,474.4710000000003
68,C[C@@H](O)[C@H](NC(=O)CC[C@@H](C(O)O)N(C)C(=O)[C@H](CO)NC(=O)[C@@H](N)Cc1cnc[nH]1)C(=O)O,HSE(M)T,linear,10,9,14,-4.37529999999999,251.42999999999995,488.4980000000003
69,CN(C(=O)CC[C@@H](C(O)O)N(C)C(=O)[C@H](CO)NC(=O)[C@@H](N)Cc1cnc[nH]1)[C@@H](CC(=O)O)C(O)O,HSE(M)D(M),linear,11,9,15,-4.713099999999989,262.86999999999995,518.5240000000003
70,CN(C(=O)[C@H](CO)NC(=O)[C@@H](N)Cc1cnc[nH]1)[C@@H](CCC(=O)N(C)[C@@H](CS)C(=O)O)C(O)O,HSE(M)C(M),linear,10,8,14,-3.4840999999999904,222.40999999999997,504.5660000000003
71,CN(C(=O)CC[C@@H](C(O)O)N(C)C(=O)[C@H](CO)NC(=O)[C@@H](N)Cc1cnc[nH]1)[C@@H](CCC(=O)O)C(O)O,HSE(M)E(M),linear,11,9,16,-4.322999999999989,262.86999999999995,532.5510000000004
72,C[C@@H](O)[C@H](NC(=O)[C@@H](N)Cc1cnc[nH]1)C(=O)N[C@@H](CCCNC(N)N)C(=O)N[C@@H](CCCNC(N)N)C(=O)O,HTRR,linear,13,13,20,-5.659100000000009,327.67,572.6720000000004
73,C[C@@H](O)[C@H](NC(=O)[C@@H](N)Cc1cnc[nH]1)C(=O)N[C@@H](CCCNC(N)N)C(=O)N[C@@H](CO)C(=O)O,HTRS,linear,11,11,16,-5.237600000000003,283.83,501.5450000000003
74,C[C@@H](O)[C@H](NC(=O)[C@H](CCCNC(N)N)NC(=O)[C@@H](NC(=O)[C@@H](N)Cc1cnc[nH]1)[C@@H](C)O)C(=O)O,HTRT,linear,11,11,16,-4.849100000000002,283.83,515.5720000000002
75,C[C@@H](O)[C@H](NC(=O)[C@@H](N)Cc1cnc[nH]1)C(=O)N[C@@H](CCCNC(N)N)C(=O)N(C)[C@@H](CC(=O)O)C(O)O,HTRD(M),linear,12,11,17,-5.186900000000002,295.27,545.5980000000003
76,C[C@@H](O)[C@H](NC(=O)[C@@H](N)Cc1cnc[nH]1)C(=O)N[C@@H](CCCNC(N)N)C(=O)N(C)[C@@H](CS)C(=O)O,HTRC(M),linear,11,10,16,-3.957899999999994,254.81,531.6400000000003
77,C[C@@H](O)[C@H](NC(=O)[C@@H](N)Cc1cnc[nH]1)C(=O)N[C@@H](CCCNC(N)N)C(=O)N(C)[C@@H](CCC(=O)O)C(O)O,HTRE(M),linear,12,11,18,-4.796800000000001,295.27,559.6250000000003
78,C[C@@H](O)[C@H](NC(=O)[C@@H](N)Cc1cnc[nH]1)C(=O)N[C@@H](CO)C(=O)N[C@@H](CCCNC(N)N)C(=O)O,HTSR,linear,11,11,16,-5.237600000000001,283.83,501.5450000000003
79,C[C@@H](O)[C@H](NC(=O)[C@@H](N)Cc1cnc[nH]1)C(=O)N[C@@H](CO)C(=O)N[C@@H](CO)C(=O)O,HTSS,linear,9,9,12,-4.8160999999999925,239.98999999999995,430.4180000000002
80,C[C@@H](O)[C@H](NC(=O)[C@H](CO)NC(=O)[C@@H](NC(=O)[C@@H](N)Cc1cnc[nH]1)[C@@H](C)O)C(=O)O,HTST,linear,9,9,12,-4.427599999999992,239.98999999999995,444.44500000000016
81,C[C@@H](O)[C@H](NC(=O)[C@@H](N)Cc1cnc[nH]1)C(=O)N[C@@H](CO)C(=O)N(C)[C@@H](CC(=O)O)C(O)O,HTSD(M),linear,10,9,13,-4.765399999999991,251.42999999999995,474.47100000000023
82,C[C@@H](O)[C@H](NC(=O)[C@@H](N)Cc1cnc[nH]1)C(=O)N[C@@H](CO)C(=O)N(C)[C@@H](CS)C(=O)O,HTSC(M),linear,9,8,12,-3.536399999999992,210.96999999999997,460.5130000000002
83,C[C@@H](O)[C@H](NC(=O)[C@@H](N)Cc1cnc[nH]1)C(=O)N[C@@H](CO)C(=O)N(C)[C@@H](CCC(=O)O)C(O)O,HTSE(M),linear,10,9,14,-4.37529999999999,251.42999999999995,488.4980000000003
84,C[C@@H](O)[C@H](NC(=O)[C@@H](N)Cc1cnc[nH]1)C(=O)N[C@H](C(=O)N[C@@H](CCCNC(N)N)C(=O)O)[C@@H](C)O,HTTR,linear,11,11,16,-4.8491,283.83,515.5720000000003
85,C[C@@H](O)[C@H](NC(=O)[C@@H](N)Cc1cnc[nH]1)C(=O)N[C@H](C(=O)N[C@@H](CO)C(=O)O)[C@@H](C)O,HTTS,linear,9,9,12,-4.427599999999992,239.98999999999995,444.4450000000002
86,C[C@@H](O)[C@H](NC(=O)[C@@H](NC(=O)[C@@H](NC(=O)[C@@H](N)Cc1cnc[nH]1)[C@@H](C)O)[C@@H](C)O)C(=O)O,HTTT,linear,9,9,12,-4.0390999999999915,239.98999999999995,458.4720000000002
87,C[C@@H](O)[C@H](NC(=O)[C@@H](N)Cc1cnc[nH]1)C(=O)N[C@H](C(=O)N(C)[C@@H](CC(=O)O)C(O)O)[C@@H](C)O,HTTD(M),linear,10,9,13,-4.37689999999999,251.42999999999995,488.4980000000003
88,C[C@@H](O)[C@H](NC(=O)[C@@H](N)Cc1cnc[nH]1)C(=O)N[C@H](C(=O)N(C)[C@@H](CS)C(=O)O)[C@@H](C)O,HTTC(M),linear,9,8,12,-3.1478999999999915,210.96999999999997,474.54000000000025
89,C[C@@H](O)[C@H](NC(=O)[C@@H](N)Cc1cnc[nH]1)C(=O)N[C@H](C(=O)N(C)[C@@H](CCC(=O)O)C(O)O)[C@@H](C)O,HTTE(M),linear,10,9,14,-3.98679999999999,251.42999999999995,502.5250000000003
90,C[C@@H](O)[C@H](NC(=O)[C@@H](N)Cc1cnc[nH]1)C(=O)N(C)[C@@H](CC(=O)N[C@@H](CCCNC(N)N)C(=O)O)C(O)O,HTD(M)R,linear,12,11,17,-5.186900000000001,295.27,545.5980000000003
91,C[C@@H](O)[C@H](NC(=O)[C@@H](N)Cc1cnc[nH]1)C(=O)N(C)[C@@H](CC(=O)N[C@@H](CO)C(=O)O)C(O)O,HTD(M)S,linear,10,9,13,-4.765399999999991,251.42999999999995,474.47100000000023
92,C[C@@H](O)[C@H](NC(=O)C[C@@H](C(O)O)N(C)C(=O)[C@@H](NC(=O)[C@@H](N)Cc1cnc[nH]1)[C@@H](C)O)C(=O)O,HTD(M)T,linear,10,9,13,-4.37689999999999,251.42999999999995,488.4980000000002
93,C[C@@H](O)[C@H](NC(=O)[C@@H](N)Cc1cnc[nH]1)C(=O)N(C)[C@@H](CC(=O)N(C)[C@@H](CC(=O)O)C(O)O)C(O)O,HTD(M)D(M),linear,11,9,14,-4.714699999999989,262.86999999999995,518.5240000000002
94,C[C@@H](O)[C@H](NC(=O)[C@@H](N)Cc1cnc[nH]1)C(=O)N(C)[C@@H](CC(=O)N(C)[C@@H](CS)C(=O)O)C(O)O,HTD(M)C(M),linear,10,8,13,-3.4856999999999903,222.40999999999997,504.56600000000026
95,C[C@@H](O)[C@H](NC(=O)[C@@H](N)Cc1cnc[nH]1)C(=O)N(C)[C@@H](CC(=O)N(C)[C@@H](CCC(=O)O)C(O)O)C(O)O,HTD(M)E(M),linear,11,9,15,-4.324599999999989,262.86999999999995,532.5510000000003
96,C[C@@H](O)[C@H](NC(=O)[C@@H](N)Cc1cnc[nH]1)C(=O)N(C)[C@@H](CS)C(=O)N[C@@H](CCCNC(N)N)C(=O)O,HTC(M)R,linear,11,10,16,-3.957899999999994,254.80999999999997,531.6400000000003
97,C[C@@H](O)[C@H](NC(=O)[C@@H](N)Cc1cnc[nH]1)C(=O)N(C)[C@@H](CS)C(=O)N[C@@H](CO)C(=O)O,HTC(M)S,linear,9,8,12,-3.536399999999992,210.96999999999997,460.5130000000002
98,C[C@@H](O)[C@H](NC(=O)[C@H](CS)N(C)C(=O)[C@@H](NC(=O)[C@@H](N)Cc1cnc[nH]1)[C@@H](C)O)C(=O)O,HTC(M)T,linear,9,8,12,-3.147899999999992,210.96999999999997,474.5400000000002
99,C[C@@H](O)[C@H](NC(=O)[C@@H](N)Cc1cnc[nH]1)C(=O)N(C)[C@@H](CS)C(=O)N(C)[C@@H](CC(=O)O)C(O)O,HTC(M)D(M),linear,10,8,13,-3.4856999999999907,222.40999999999997,504.56600000000026
100,C[C@@H](O)[C@H](NC(=O)[C@@H](N)Cc1cnc[nH]1)C(=O)N(C)[C@@H](CS)C(=O)N(C)[C@@H](CS)C(=O)O,HTC(M)C(M),linear,9,7,12,-2.256699999999993,181.95,490.60800000000023
101,C[C@@H](O)[C@H](NC(=O)[C@@H](N)Cc1cnc[nH]1)C(=O)N(C)[C@@H](CS)C(=O)N(C)[C@@H](CCC(=O)O)C(O)O,HTC(M)E(M),linear,10,8,14,-3.0955999999999912,222.40999999999997,518.5930000000003
102,C[C@@H](O)[C@H](NC(=O)[C@@H](N)Cc1cnc[nH]1)C(=O)N(C)[C@@H](CCC(=O)N[C@@H](CCCNC(N)N)C(=O)O)C(O)O,HTE(M)R,linear,12,11,18,-4.796799999999999,295.27,559.6250000000003
103,C[C@@H](O)[C@H](NC(=O)[C@@H](N)Cc1cnc[nH]1)C(=O)N(C)[C@@H](CCC(=O)N[C@@H](CO)C(=O)O)C(O)O,HTE(M)S,linear,10,9,14,-4.37529999999999,251.42999999999995,488.4980000000003
104,C[C@@H](O)[C@H](NC(=O)CC[C@@H](C(O)O)N(C)C(=O)[C@@H](NC(=O)[C@@H](N)Cc1cnc[nH]1)[C@@H](C)O)C(=O)O,HTE(M)T,linear,10,9,14,-3.98679999999999,251.42999999999995,502.52500000000026
105,C[C@@H](O)[C@H](NC(=O)[C@@H](N)Cc1cnc[nH]1)C(=O)N(C)[C@@H](CCC(=O)N(C)[C@@H](CC(=O)O)C(O)O)C(O)O,HTE(M)D(M),linear,11,9,15,-4.324599999999989,262.86999999999995,532.5510000000003
106,C[C@@H](O)[C@H](NC(=O)[C@@H](N)Cc1cnc[nH]1)C(=O)N(C)[C@@H](CCC(=O)N(C)[C@@H](CS)C(=O)O)C(O)O,HTE(M)C(M),linear,10,8,14,-3.09559999999999,222.40999999999997,518.5930000000003
107,C[C@@H](O)[C@H](NC(=O)[C@@H](N)Cc1cnc[nH]1)C(=O)N(C)[C@@H](CCC(=O)N(C)[C@@H](CCC(=O)O)C(O)O)C(O)O,HTE(M)E(M),linear,11,9,16,-3.9344999999999883,262.86999999999995,546.5780000000003
108,CN(C(=O)[C@@H](N)Cc1cnc[nH]1)[C@@H](CC(=O)N[C@@H](CCCNC(N)N)C(=O)N[C@@H](CCCNC(N)N)C(=O)O)C(O)O,HD(M)RR,linear,14,13,21,-5.9969000000000126,339.11,602.6980000000005
109,CN(C(=O)[C@@H](N)Cc1cnc[nH]1)[C@@H](CC(=O)N[C@@H](CCCNC(N)N)C(=O)N[C@@H](CO)C(=O)O)C(O)O,HD(M)RS,linear,12,11,17,-5.5754000000000055,295.27,531.5710000000004
110,C[C@@H](O)[C@H](NC(=O)[C@H](CCCNC(N)N)NC(=O)C[C@@H](C(O)O)N(C)C(=O)[C@@H](N)Cc1cnc[nH]1)C(=O)O,HD(M)RT,linear,12,11,17,-5.186900000000004,295.27,545.5980000000003
111,CN(C(=O)[C@@H](N)Cc1cnc[nH]1)[C@@H](CC(=O)N[C@@H](CCCNC(N)N)C(=O)N(C)[C@@H](CC(=O)O)C(O)O)C(O)O,HD(M)RD(M),linear,13,11,18,-5.524700000000005,306.71,575.6240000000004
112,CN(C(=O)[C@@H](N)Cc1cnc[nH]1)[C@@H](CC(=O)N[C@@H](CCCNC(N)N)C(=O)N(C)[C@@H](CS)C(=O)O)C(O)O,HD(M)RC(M),linear,12,10,17,-4.295699999999996,266.25,561.6660000000004
113,CN(C(=O)[C@@H](N)Cc1cnc[nH]1)[C@@H](CC(=O)N[C@@H](CCCNC(N)N)C(=O)N(C)[C@@H](CCC(=O)O)C(O)O)C(O)O,HD(M)RE(M),linear,13,11,19,-5.134600000000003,306.71,589.6510000000005
114,CN(C(=O)[C@@H](N)Cc1cnc[nH]1)[C@@H](CC(=O)N[C@@H](CO)C(=O)N[C@@H](CCCNC(N)N)C(=O)O)C(O)O,HD(M)SR,linear,12,11,17,-5.575400000000004,295.27,531.5710000000004
115,CN(C(=O)[C@@H](N)Cc1cnc[nH]1)[C@@H](CC(=O)N[C@@H](CO)C(=O)N[C@@H](CO)C(=O)O)C(O)O,HD(M)SS,linear,10,9,13,-5.153899999999992,251.42999999999995,460.44400000000024
116,C[C@@H](O)[C@H](NC(=O)[C@H](CO)NC(=O)C[C@@H](C(O)O)N(C)C(=O)[C@@H](N)Cc1cnc[nH]1)C(=O)O,HD(M)ST,linear,10,9,13,-4.765399999999992,251.42999999999995,474.47100000000023
117,CN(C(=O)[C@@H](N)Cc1cnc[nH]1)[C@@H](CC(=O)N[C@@H](CO)C(=O)N(C)[C@@H](CC(=O)O)C(O)O)C(O)O,HD(M)SD(M),linear,11,9,14,-5.10319999999999,262.86999999999995,504.4970000000003
118,CN(C(=O)[C@@H](N)Cc1cnc[nH]1)[C@@H](CC(=O)N[C@@H](CO)C(=O)N(C)[C@@H](CS)C(=O)O)C(O)O,HD(M)SC(M),linear,10,8,13,-3.874199999999991,222.40999999999997,490.53900000000027
119,CN(C(=O)[C@@H](N)Cc1cnc[nH]1)[C@@H](CC(=O)N[C@@H](CO)C(=O)N(C)[C@@H](CCC(=O)O)C(O)O)C(O)O,HD(M)SE(M),linear,11,9,15,-4.71309999999999,262.86999999999995,518.5240000000003
120,C[C@@H](O)[C@H](NC(=O)C[C@@H](C(O)O)N(C)C(=O)[C@@H](N)Cc1cnc[nH]1)C(=O)N[C@@H](CCCNC(N)N)C(=O)O,HD(M)TR,linear,12,11,17,-5.186900000000003,295.27,545.5980000000003
121,C[C@@H](O)[C@H](NC(=O)C[C@@H](C(O)O)N(C)C(=O)[C@@H](N)Cc1cnc[nH]1)C(=O)N[C@@H](CO)C(=O)O,HD(M)TS,linear,10,9,13,-4.765399999999992,251.42999999999995,474.47100000000023
122,C[C@@H](O)[C@H](NC(=O)[C@@H](NC(=O)C[C@@H](C(O)O)N(C)C(=O)[C@@H](N)Cc1cnc[nH]1)[C@@H](C)O)C(=O)O,HD(M)TT,linear,10,9,13,-4.376899999999991,251.42999999999995,488.4980000000002
123,C[C@@H](O)[C@H](NC(=O)C[C@@H](C(O)O)N(C)C(=O)[C@@H](N)Cc1cnc[nH]1)C(=O)N(C)[C@@H](CC(=O)O)C(O)O,HD(M)TD(M),linear,11,9,14,-4.71469999999999,262.86999999999995,518.5240000000002
124,C[C@@H](O)[C@H](NC(=O)C[C@@H](C(O)O)N(C)C(=O)[C@@H](N)Cc1cnc[nH]1)C(=O)N(C)[C@@H](CS)C(=O)O,HD(M)TC(M),linear,10,8,13,-3.485699999999991,222.40999999999997,504.56600000000026
125,C[C@@H](O)[C@H](NC(=O)C[C@@H](C(O)O)N(C)C(=O)[C@@H](N)Cc1cnc[nH]1)C(=O)N(C)[C@@H](CCC(=O)O)C(O)O,HD(M)TE(M),linear,11,9,15,-4.32459999999999,262.86999999999995,532.5510000000003
126,CN(C(=O)C[C@@H](C(O)O)N(C)C(=O)[C@@H](N)Cc1cnc[nH]1)[C@@H](CC(=O)N[C@@H](CCCNC(N)N)C(=O)O)C(O)O,HD(M)D(M)R,linear,13,11,18,-5.524700000000006,306.71,575.6240000000004
127,CN(C(=O)C[C@@H](C(O)O)N(C)C(=O)[C@@H](N)Cc1cnc[nH]1)[C@@H](CC(=O)N[C@@H](CO)C(=O)O)C(O)O,HD(M)D(M)S,linear,11,9,14,-5.10319999999999,262.86999999999995,504.49700000000024
128,C[C@@H](O)[C@H](NC(=O)C[C@@H](C(O)O)N(C)C(=O)C[C@@H](C(O)O)N(C)C(=O)[C@@H](N)Cc1cnc[nH]1)C(=O)O,HD(M)D(M)T,linear,11,9,14,-4.71469999999999,262.86999999999995,518.5240000000002
129,CN(C(=O)C[C@@H](C(O)O)N(C)C(=O)C[C@@H](C(O)O)N(C)C(=O)[C@@H](N)Cc1cnc[nH]1)[C@@H](CC(=O)O)C(O)O,HD(M)D(M)D(M),linear,12,9,15,-5.052499999999989,274.30999999999995,548.5500000000003
130,CN(C(=O)C[C@@H](C(O)O)N(C)C(=O)[C@@H](N)Cc1cnc[nH]1)[C@@H](CC(=O)N(C)[C@@H](CS)C(=O)O)C(O)O,HD(M)D(M)C(M),linear,11,8,14,-3.8234999999999895,233.84999999999997,534.5920000000002
131,CN(C(=O)C[C@@H](C(O)O)N(C)C(=O)C[C@@H](C(O)O)N(C)C(=O)[C@@H](N)Cc1cnc[nH]1)[C@@H](CCC(=O)O)C(O)O,HD(M)D(M)E(M),linear,12,9,16,-4.662399999999988,274.30999999999995,562.5770000000003
132,CN(C(=O)[C@@H](N)Cc1cnc[nH]1)[C@@H](CC(=O)N(C)[C@@H](CS)C(=O)N[C@@H](CCCNC(N)N)C(=O)O)C(O)O,HD(M)C(M)R,linear,12,10,17,-4.295699999999996,266.25,561.6660000000003
133,CN(C(=O)[C@@H](N)Cc1cnc[nH]1)[C@@H](CC(=O)N(C)[C@@H](CS)C(=O)N[C@@H](CO)C(=O)O)C(O)O,HD(M)C(M)S,linear,10,8,13,-3.874199999999991,222.40999999999997,490.5390000000002
134,C[C@@H](O)[C@H](NC(=O)[C@H](CS)N(C)C(=O)C[C@@H](C(O)O)N(C)C(=O)[C@@H](N)Cc1cnc[nH]1)C(=O)O,HD(M)C(M)T,linear,10,8,13,-3.4856999999999907,222.40999999999997,504.5660000000002
135,CN(C(=O)[C@@H](N)Cc1cnc[nH]1)[C@@H](CC(=O)N(C)[C@@H](CS)C(=O)N(C)[C@@H](CC(=O)O)C(O)O)C(O)O,HD(M)C(M)D(M),linear,11,8,14,-3.8234999999999895,233.84999999999997,534.5920000000002
136,CN(C(=O)[C@@H](N)Cc1cnc[nH]1)[C@@H](CC(=O)N(C)[C@@H](CS)C(=O)N(C)[C@@H](CS)C(=O)O)C(O)O,HD(M)C(M)C(M),linear,10,7,13,-2.5944999999999925,193.39,520.6340000000002
137,CN(C(=O)[C@@H](N)Cc1cnc[nH]1)[C@@H](CC(=O)N(C)[C@@H](CS)C(=O)N(C)[C@@H](CCC(=O)O)C(O)O)C(O)O,HD(M)C(M)E(M),linear,11,8,15,-3.43339999999999,233.84999999999997,548.6190000000003
138,CN(C(=O)C[C@@H](C(O)O)N(C)C(=O)[C@@H](N)Cc1cnc[nH]1)[C@@H](CCC(=O)N[C@@H](CCCNC(N)N)C(=O)O)C(O)O,HD(M)E(M)R,linear,13,11,19,-5.134600000000005,306.71,589.6510000000004
139,CN(C(=O)C[C@@H](C(O)O)N(C)C(=O)[C@@H](N)Cc1cnc[nH]1)[C@@H](CCC(=O)N[C@@H](CO)C(=O)O)C(O)O,HD(M)E(M)S,linear,11,9,15,-4.71309999999999,262.86999999999995,518.5240000000002
140,C[C@@H](O)[C@H](NC(=O)CC[C@@H](C(O)O)N(C)C(=O)C[C@@H](C(O)O)N(C)C(=O)[C@@H](N)Cc1cnc[nH]1)C(=O)O,HD(M)E(M)T,linear,11,9,15,-4.32459999999999,262.86999999999995,532.5510000000003
141,CN(C(=O)C[C@@H](C(O)O)N(C)C(=O)[C@@H](N)Cc1cnc[nH]1)[C@@H](CCC(=O)N(C)[C@@H](CC(=O)O)C(O)O)C(O)O,HD(M)E(M)D(M),linear,12,9,16,-4.662399999999988,274.30999999999995,562.5770000000003
142,CN(C(=O)C[C@@H](C(O)O)N(C)C(=O)[C@@H](N)Cc1cnc[nH]1)[C@@H](CCC(=O)N(C)[C@@H](CS)C(=O)O)C(O)O,HD(M)E(M)C(M),linear,11,8,15,-3.4333999999999896,233.84999999999997,548.6190000000003
143,CN(C(=O)CC[C@@H](C(O)O)N(C)C(=O)C[C@@H](C(O)O)N(C)C(=O)[C@@H](N)Cc1cnc[nH]1)[C@@H](CCC(=O)O)C(O)O,HD(M)E(M)E(M),linear,12,9,17,-4.272299999999988,274.30999999999995,576.6040000000004
144,CN(C(=O)[C@@H](N)Cc1cnc[nH]1)[C@@H](CS)C(=O)N[C@@H](CCCNC(N)N)C(=O)N[C@@H](CCCNC(N)N)C(=O)O,HC(M)RR,linear,13,12,20,-4.767900000000012,298.65,588.7400000000005
145,CN(C(=O)[C@@H](N)Cc1cnc[nH]1)[C@@H](CS)C(=O)N[C@@H](CCCNC(N)N)C(=O)N[C@@H](CO)C(=O)O,HC(M)RS,linear,11,10,16,-4.3463999999999965,254.80999999999995,517.6130000000003
146,C[C@@H](O)[C@H](NC(=O)[C@H](CCCNC(N)N)NC(=O)[C@H](CS)N(C)C(=O)[C@@H](N)Cc1cnc[nH]1)C(=O)O,HC(M)RT,linear,11,10,16,-3.957899999999996,254.80999999999995,531.6400000000003
147,CN(C(=O)[C@H](CCCNC(N)N)NC(=O)[C@H](CS)N(C)C(=O)[C@@H](N)Cc1cnc[nH]1)[C@@H](CC(=O)O)C(O)O,HC(M)RD(M),linear,12,10,17,-4.295699999999996,266.24999999999994,561.6660000000004
148,CN(C(=O)[C@@H](N)Cc1cnc[nH]1)[C@@H](CS)C(=O)N[C@@H](CCCNC(N)N)C(=O)N(C)[C@@H](CS)C(=O)O,HC(M)RC(M),linear,11,9,16,-3.0666999999999924,225.78999999999996,547.7080000000003
149,CN(C(=O)[C@H](CCCNC(N)N)NC(=O)[C@H](CS)N(C)C(=O)[C@@H](N)Cc1cnc[nH]1)[C@@H](CCC(=O)O)C(O)O,HC(M)RE(M),linear,12,10,18,-3.9055999999999926,266.24999999999994,575.6930000000004
150,CN(C(=O)[C@@H](N)Cc1cnc[nH]1)[C@@H](CS)C(=O)N[C@@H](CO)C(=O)N[C@@H](CCCNC(N)N)C(=O)O,HC(M)SR,linear,11,10,16,-4.3463999999999965,254.80999999999997,517.6130000000003
151,CN(C(=O)[C@@H](N)Cc1cnc[nH]1)[C@@H](CS)C(=O)N[C@@H](CO)C(=O)N[C@@H](CO)C(=O)O,HC(M)SS,linear,9,8,12,-3.924899999999993,210.96999999999997,446.4860000000002
152,C[C@@H](O)[C@H](NC(=O)[C@H](CO)NC(=O)[C@H](CS)N(C)C(=O)[C@@H](N)Cc1cnc[nH]1)C(=O)O,HC(M)ST,linear,9,8,12,-3.5363999999999924,210.96999999999997,460.5130000000002
153,CN(C(=O)[C@H](CO)NC(=O)[C@H](CS)N(C)C(=O)[C@@H](N)Cc1cnc[nH]1)[C@@H](CC(=O)O)C(O)O,HC(M)SD(M),linear,10,8,13,-3.874199999999991,222.40999999999997,490.53900000000027
154,CN(C(=O)[C@@H](N)Cc1cnc[nH]1)[C@@H](CS)C(=O)N[C@@H](CO)C(=O)N(C)[C@@H](CS)C(=O)O,HC(M)SC(M),linear,9,7,12,-2.6451999999999942,181.95,476.58100000000024
155,CN(C(=O)[C@H](CO)NC(=O)[C@H](CS)N(C)C(=O)[C@@H](N)Cc1cnc[nH]1)[C@@H](CCC(=O)O)C(O)O,HC(M)SE(M),linear,10,8,14,-3.484099999999991,222.40999999999997,504.5660000000003
156,C[C@@H](O)[C@H](NC(=O)[C@H](CS)N(C)C(=O)[C@@H](N)Cc1cnc[nH]1)C(=O)N[C@@H](CCCNC(N)N)C(=O)O,HC(M)TR,linear,11,10,16,-3.957899999999996,254.80999999999997,531.6400000000003
157,C[C@@H](O)[C@H](NC(=O)[C@H](CS)N(C)C(=O)[C@@H](N)Cc1cnc[nH]1)C(=O)N[C@@H](CO)C(=O)O,HC(M)TS,linear,9,8,12,-3.536399999999993,210.96999999999997,460.5130000000002
158,C[C@@H](O)[C@H](NC(=O)[C@@H](NC(=O)[C@H](CS)N(C)C(=O)[C@@H](N)Cc1cnc[nH]1)[C@@H](C)O)C(=O)O,HC(M)TT,linear,9,8,12,-3.147899999999993,210.96999999999997,474.5400000000002
159,C[C@@H](O)[C@H](NC(=O)[C@H](CS)N(C)C(=O)[C@@H](N)Cc1cnc[nH]1)C(=O)N(C)[C@@H](CC(=O)O)C(O)O,HC(M)TD(M),linear,10,8,13,-3.4856999999999916,222.40999999999997,504.56600000000026
160,C[C@@H](O)[C@H](NC(=O)[C@H](CS)N(C)C(=O)[C@@H](N)Cc1cnc[nH]1)C(=O)N(C)[C@@H](CS)C(=O)O,HC(M)TC(M),linear,9,7,12,-2.2566999999999937,181.95,490.60800000000023
161,C[C@@H](O)[C@H](NC(=O)[C@H](CS)N(C)C(=O)[C@@H](N)Cc1cnc[nH]1)C(=O)N(C)[C@@H](CCC(=O)O)C(O)O,HC(M)TE(M),linear,10,8,14,-3.0955999999999912,222.40999999999997,518.5930000000003
162,CN(C(=O)[C@H](CS)N(C)C(=O)[C@@H](N)Cc1cnc[nH]1)[C@@H](CC(=O)N[C@@H](CCCNC(N)N)C(=O)O)C(O)O,HC(M)D(M)R,linear,12,10,17,-4.295699999999996,266.25,561.6660000000003
163,CN(C(=O)[C@H](CS)N(C)C(=O)[C@@H](N)Cc1cnc[nH]1)[C@@H](CC(=O)N[C@@H](CO)C(=O)O)C(O)O,HC(M)D(M)S,linear,10,8,13,-3.874199999999991,222.40999999999997,490.5390000000002
164,C[C@@H](O)[C@H](NC(=O)C[C@@H](C(O)O)N(C)C(=O)[C@H](CS)N(C)C(=O)[C@@H](N)Cc1cnc[nH]1)C(=O)O,HC(M)D(M)T,linear,10,8,13,-3.4856999999999907,222.40999999999997,504.5660000000002
165,CN(C(=O)C[C@@H](C(O)O)N(C)C(=O)[C@H](CS)N(C)C(=O)[C@@H](N)Cc1cnc[nH]1)[C@@H](CC(=O)O)C(O)O,HC(M)D(M)D(M),linear,11,8,14,-3.8234999999999895,233.84999999999997,534.5920000000002
166,CN(C(=O)[C@H](CS)N(C)C(=O)[C@@H](N)Cc1cnc[nH]1)[C@@H](CC(=O)N(C)[C@@H](CS)C(=O)O)C(O)O,HC(M)D(M)C(M),linear,10,7,13,-2.5944999999999925,193.39,520.6340000000002
167,CN(C(=O)C[C@@H](C(O)O)N(C)C(=O)[C@H](CS)N(C)C(=O)[C@@H](N)Cc1cnc[nH]1)[C@@H](CCC(=O)O)C(O)O,HC(M)D(M)E(M),linear,11,8,15,-3.43339999999999,233.84999999999997,548.6190000000003
168,CN(C(=O)[C@@H](N)Cc1cnc[nH]1)[C@@H](CS)C(=O)N(C)[C@@H](CS)C(=O)N[C@@H](CCCNC(N)N)C(=O)O,HC(M)C(M)R,linear,11,9,16,-3.066699999999992,225.78999999999996,547.7080000000003
169,CN(C(=O)[C@@H](N)Cc1cnc[nH]1)[C@@H](CS)C(=O)N(C)[C@@H](CS)C(=O)N[C@@H](CO)C(=O)O,HC(M)C(M)S,linear,9,7,12,-2.6451999999999942,181.95,476.5810000000002
170,C[C@@H](O)[C@H](NC(=O)[C@H](CS)N(C)C(=O)[C@H](CS)N(C)C(=O)[C@@H](N)Cc1cnc[nH]1)C(=O)O,HC(M)C(M)T,linear,9,7,12,-2.256699999999994,181.95,490.6080000000002
171,CN(C(=O)[C@H](CS)N(C)C(=O)[C@H](CS)N(C)C(=O)[C@@H](N)Cc1cnc[nH]1)[C@@H](CC(=O)O)C(O)O,HC(M)C(M)D(M),linear,10,7,13,-2.594499999999993,193.39,520.6340000000002
172,CN(C(=O)[C@@H](N)Cc1cnc[nH]1)[C@@H](CS)C(=O)N(C)[C@@H](CS)C(=O)N(C)[C@@H](CS)C(=O)O,HC(M)C(M)C(M),linear,9,6,12,-1.3654999999999953,152.92999999999998,506.6760000000002
173,CN(C(=O)[C@H](CS)N(C)C(=O)[C@H](CS)N(C)C(=O)[C@@H](N)Cc1cnc[nH]1)[C@@H](CCC(=O)O)C(O)O,HC(M)C(M)E(M),linear,10,7,14,-2.2043999999999926,193.39,534.6610000000003
174,CN(C(=O)[C@H](CS)N(C)C(=O)[C@@H](N)Cc1cnc[nH]1)[C@@H](CCC(=O)N[C@@H](CCCNC(N)N)C(=O)O)C(O)O,HC(M)E(M)R,linear,12,10,18,-3.9055999999999926,266.25,575.6930000000003
175,CN(C(=O)[C@H](CS)N(C)C(=O)[C@@H](N)Cc1cnc[nH]1)[C@@H](CCC(=O)N[C@@H](CO)C(=O)O)C(O)O,HC(M)E(M)S,linear,10,8,14,-3.4840999999999913,222.40999999999997,504.56600000000026
176,C[C@@H](O)[C@H](NC(=O)CC[C@@H](C(O)O)N(C)C(=O)[C@H](CS)N(C)C(=O)[C@@H](N)Cc1cnc[nH]1)C(=O)O,HC(M)E(M)T,linear,10,8,14,-3.0955999999999912,222.40999999999997,518.5930000000002
177,CN(C(=O)CC[C@@H](C(O)O)N(C)C(=O)[C@H](CS)N(C)C(=O)[C@@H](N)Cc1cnc[nH]1)[C@@H](CC(=O)O)C(O)O,HC(M)E(M)D(M),linear,11,8,15,-3.43339999999999,233.84999999999997,548.6190000000003
178,CN(C(=O)[C@H](CS)N(C)C(=O)[C@@H](N)Cc1cnc[nH]1)[C@@H](CCC(=O)N(C)[C@@H](CS)C(=O)O)C(O)O,HC(M)E(M)C(M),linear,10,7,14,-2.204399999999992,193.39,534.6610000000003
179,CN(C(=O)CC[C@@H](C(O)O)N(C)C(=O)[C@H](CS)N(C)C(=O)[C@@H](N)Cc1cnc[nH]1)[C@@H](CCC(=O)O)C(O)O,HC(M)E(M)E(M),linear,11,8,16,-3.0432999999999897,233.84999999999997,562.6460000000003
180,CN(C(=O)[C@@H](N)Cc1cnc[nH]1)[C@@H](CCC(=O)N[C@@H](CCCNC(N)N)C(=O)N[C@@H](CCCNC(N)N)C(=O)O)C(O)O,HE(M)RR,linear,14,13,22,-5.606800000000012,339.11,616.7250000000004
181,CN(C(=O)[C@@H](N)Cc1cnc[nH]1)[C@@H](CCC(=O)N[C@@H](CCCNC(N)N)C(=O)N[C@@H](CO)C(=O)O)C(O)O,HE(M)RS,linear,12,11,18,-5.185300000000006,295.27,545.5980000000003
182,C[C@@H](O)[C@H](NC(=O)[C@H](CCCNC(N)N)NC(=O)CC[C@@H](C(O)O)N(C)C(=O)[C@@H](N)Cc1cnc[nH]1)C(=O)O,HE(M)RT,linear,12,11,18,-4.796800000000005,295.27,559.6250000000002
183,CN(C(=O)[C@@H](N)Cc1cnc[nH]1)[C@@H](CCC(=O)N[C@@H](CCCNC(N)N)C(=O)N(C)[C@@H](CC(=O)O)C(O)O)C(O)O,HE(M)RD(M),linear,13,11,19,-5.134600000000005,306.71,589.6510000000004
184,CN(C(=O)[C@@H](N)Cc1cnc[nH]1)[C@@H](CCC(=O)N[C@@H](CCCNC(N)N)C(=O)N(C)[C@@H](CS)C(=O)O)C(O)O,HE(M)RC(M),linear,12,10,18,-3.9055999999999926,266.25,575.6930000000003
185,CN(C(=O)[C@@H](N)Cc1cnc[nH]1)[C@@H](CCC(=O)N[C@@H](CCCNC(N)N)C(=O)N(C)[C@@H](CCC(=O)O)C(O)O)C(O)O,HE(M)RE(M),linear,13,11,20,-4.744500000000002,306.71,603.6780000000005
186,CN(C(=O)[C@@H](N)Cc1cnc[nH]1)[C@@H](CCC(=O)N[C@@H](CO)C(=O)N[C@@H](CCCNC(N)N)C(=O)O)C(O)O,HE(M)SR,linear,12,11,18,-5.185300000000004,295.27,545.5980000000003
187,CN(C(=O)[C@@H](N)Cc1cnc[nH]1)[C@@H](CCC(=O)N[C@@H](CO)C(=O)N[C@@H](CO)C(=O)O)C(O)O,HE(M)SS,linear,10,9,14,-4.763799999999992,251.42999999999995,474.4710000000002
188,C[C@@H](O)[C@H](NC(=O)[C@H](CO)NC(=O)CC[C@@H](C(O)O)N(C)C(=O)[C@@H](N)Cc1cnc[nH]1)C(=O)O,HE(M)ST,linear,10,9,14,-4.375299999999991,251.42999999999995,488.49800000000016
189,CN(C(=O)[C@@H](N)Cc1cnc[nH]1)[C@@H](CCC(=O)N[C@@H](CO)C(=O)N(C)[C@@H](CC(=O)O)C(O)O)C(O)O,HE(M)SD(M),linear,11,9,15,-4.71309999999999,262.86999999999995,518.5240000000002
190,CN(C(=O)[C@@H](N)Cc1cnc[nH]1)[C@@H](CCC(=O)N[C@@H](CO)C(=O)N(C)[C@@H](CS)C(=O)O)C(O)O,HE(M)SC(M),linear,10,8,14,-3.4840999999999913,222.40999999999997,504.5660000000002
191,CN(C(=O)[C@@H](N)Cc1cnc[nH]1)[C@@H](CCC(=O)N[C@@H](CO)C(=O)N(C)[C@@H](CCC(=O)O)C(O)O)C(O)O,HE(M)SE(M),linear,11,9,16,-4.32299999999999,262.86999999999995,532.5510000000003
192,C[C@@H](O)[C@H](NC(=O)CC[C@@H](C(O)O)N(C)C(=O)[C@@H](N)Cc1cnc[nH]1)C(=O)N[C@@H](CCCNC(N)N)C(=O)O,HE(M)TR,linear,12,11,18,-4.796800000000003,295.27,559.6250000000002
193,C[C@@H](O)[C@H](NC(=O)CC[C@@H](C(O)O)N(C)C(=O)[C@@H](N)Cc1cnc[nH]1)C(=O)N[C@@H](CO)C(=O)O,HE(M)TS,linear,10,9,14,-4.375299999999991,251.42999999999995,488.49800000000016
194,C[C@@H](O)[C@H](NC(=O)[C@@H](NC(=O)CC[C@@H](C(O)O)N(C)C(=O)[C@@H](N)Cc1cnc[nH]1)[C@@H](C)O)C(=O)O,HE(M)TT,linear,10,9,14,-3.986799999999991,251.42999999999995,502.52500000000015
195,C[C@@H](O)[C@H](NC(=O)CC[C@@H](C(O)O)N(C)C(=O)[C@@H](N)Cc1cnc[nH]1)C(=O)N(C)[C@@H](CC(=O)O)C(O)O,HE(M)TD(M),linear,11,9,15,-4.32459999999999,262.86999999999995,532.5510000000002
196,C[C@@H](O)[C@H](NC(=O)CC[C@@H](C(O)O)N(C)C(=O)[C@@H](N)Cc1cnc[nH]1)C(=O)N(C)[C@@H](CS)C(=O)O,HE(M)TC(M),linear,10,8,14,-3.095599999999991,222.40999999999997,518.5930000000002
197,C[C@@H](O)[C@H](NC(=O)CC[C@@H](C(O)O)N(C)C(=O)[C@@H](N)Cc1cnc[nH]1)C(=O)N(C)[C@@H](CCC(=O)O)C(O)O,HE(M)TE(M),linear,11,9,16,-3.9344999999999892,262.86999999999995,546.5780000000002
198,CN(C(=O)CC[C@@H](C(O)O)N(C)C(=O)[C@@H](N)Cc1cnc[nH]1)[C@@H](CC(=O)N[C@@H](CCCNC(N)N)C(=O)O)C(O)O,HE(M)D(M)R,linear,13,11,19,-5.134600000000003,306.71,589.6510000000004
199,CN(C(=O)CC[C@@H](C(O)O)N(C)C(=O)[C@@H](N)Cc1cnc[nH]1)[C@@H](CC(=O)N[C@@H](CO)C(=O)O)C(O)O,HE(M)D(M)S,linear,11,9,15,-4.71309999999999,262.86999999999995,518.5240000000002
200,C[C@@H](O)[C@H](NC(=O)C[C@@H](C(O)O)N(C)C(=O)CC[C@@H](C(O)O)N(C)C(=O)[C@@H](N)Cc1cnc[nH]1)C(=O)O,HE(M)D(M)T,linear,11,9,15,-4.32459999999999,262.86999999999995,532.5510000000002
201,CN(C(=O)C[C@@H](C(O)O)N(C)C(=O)CC[C@@H](C(O)O)N(C)C(=O)[C@@H](N)Cc1cnc[nH]1)[C@@H](CC(=O)O)C(O)O,HE(M)D(M)D(M),linear,12,9,16,-4.662399999999988,274.30999999999995,562.5770000000002
202,CN(C(=O)CC[C@@H](C(O)O)N(C)C(=O)[C@@H](N)Cc1cnc[nH]1)[C@@H](CC(=O)N(C)[C@@H](CS)C(=O)O)C(O)O,HE(M)D(M)C(M),linear,11,8,15,-3.4333999999999896,233.84999999999997,548.6190000000003
203,CN(C(=O)C[C@@H](C(O)O)N(C)C(=O)CC[C@@H](C(O)O)N(C)C(=O)[C@@H](N)Cc1cnc[nH]1)[C@@H](CCC(=O)O)C(O)O,HE(M)D(M)E(M),linear,12,9,17,-4.272299999999988,274.30999999999995,576.6040000000004
204,CN(C(=O)[C@@H](N)Cc1cnc[nH]1)[C@@H](CCC(=O)N(C)[C@@H](CS)C(=O)N[C@@H](CCCNC(N)N)C(=O)O)C(O)O,HE(M)C(M)R,linear,12,10,18,-3.9055999999999926,266.25,575.6930000000003
205,CN(C(=O)[C@@H](N)Cc1cnc[nH]1)[C@@H](CCC(=O)N(C)[C@@H](CS)C(=O)N[C@@H](CO)C(=O)O)C(O)O,HE(M)C(M)S,linear,10,8,14,-3.4840999999999913,222.40999999999997,504.5660000000002
206,C[C@@H](O)[C@H](NC(=O)[C@H](CS)N(C)C(=O)CC[C@@H](C(O)O)N(C)C(=O)[C@@H](N)Cc1cnc[nH]1)C(=O)O,HE(M)C(M)T,linear,10,8,14,-3.095599999999992,222.40999999999997,518.5930000000002
207,CN(C(=O)[C@@H](N)Cc1cnc[nH]1)[C@@H](CCC(=O)N(C)[C@@H](CS)C(=O)N(C)[C@@H](CC(=O)O)C(O)O)C(O)O,HE(M)C(M)D(M),linear,11,8,15,-3.43339999999999,233.84999999999997,548.6190000000003
208,CN(C(=O)[C@@H](N)Cc1cnc[nH]1)[C@@H](CCC(=O)N(C)[C@@H](CS)C(=O)N(C)[C@@H](CS)C(=O)O)C(O)O,HE(M)C(M)C(M),linear,10,7,14,-2.204399999999992,193.39,534.6610000000002
209,CN(C(=O)[C@@H](N)Cc1cnc[nH]1)[C@@H](CCC(=O)N(C)[C@@H](CS)C(=O)N(C)[C@@H](CCC(=O)O)C(O)O)C(O)O,HE(M)C(M)E(M),linear,11,8,16,-3.0432999999999906,233.84999999999997,562.6460000000003
210,CN(C(=O)CC[C@@H](C(O)O)N(C)C(=O)[C@@H](N)Cc1cnc[nH]1)[C@@H](CCC(=O)N[C@@H](CCCNC(N)N)C(=O)O)C(O)O,HE(M)E(M)R,linear,13,11,20,-4.7445,306.71,603.6780000000005
211,CN(C(=O)CC[C@@H](C(O)O)N(C)C(=O)[C@@H](N)Cc1cnc[nH]1)[C@@H](CCC(=O)N[C@@H](CO)C(=O)O)C(O)O,HE(M)E(M)S,linear,11,9,16,-4.32299999999999,262.86999999999995,532.5510000000003
212,C[C@@H](O)[C@H](NC(=O)CC[C@@H](C(O)O)N(C)C(=O)CC[C@@H](C(O)O)N(C)C(=O)[C@@H](N)Cc1cnc[nH]1)C(=O)O,HE(M)E(M)T,linear,11,9,16,-3.9344999999999892,262.86999999999995,546.5780000000002
213,CN(C(=O)CC[C@@H](C(O)O)N(C)C(=O)[C@@H](N)Cc1cnc[nH]1)[C@@H](CCC(=O)N(C)[C@@H](CC(=O)O)C(O)O)C(O)O,HE(M)E(M)D(M),linear,12,9,17,-4.272299999999988,274.30999999999995,576.6040000000004
214,CN(C(=O)CC[C@@H](C(O)O)N(C)C(=O)[C@@H](N)Cc1cnc[nH]1)[C@@H](CCC(=O)N(C)[C@@H](CS)C(=O)O)C(O)O,HE(M)E(M)C(M),linear,11,8,16,-3.0432999999999892,233.84999999999997,562.6460000000003
215,CN(C(=O)CC[C@@H](C(O)O)N(C)C(=O)CC[C@@H](C(O)O)N(C)C(=O)[C@@H](N)Cc1cnc[nH]1)[C@@H](CCC(=O)O)C(O)O,HE(M)E(M)E(M),linear,12,9,18,-3.8821999999999877,274.30999999999995,590.6310000000004
216,NC(N)NCCC[C@@H]1NC(=O)[C@H](CCCNC(N)N)NC(=O)[C@H](Cc2cnc[nH]2)NC(=O)[C@H](CCCNC(N)N)NC1=O,HRRR,cyclic,14,14,17,-6.382600000000013,337.28999999999996,611.7570000000002
217,NC(N)NCCC[C@@H]1NC(=O)[C@H](CCCNC(N)N)NC(=O)[C@H](Cc2cnc[nH]2)NC(=O)[C@H](CO)NC1=O,HRRS,cyclic,12,12,13,-5.961100000000006,293.45,540.6300000000003
218,C[C@@H](O)[C@@H]1NC(=O)[C@H](CCCNC(N)N)NC(=O)[C@H](CCCNC(N)N)NC(=O)[C@H](Cc2cnc[nH]2)NC1=O,HRRT,cyclic,12,12,13,-5.572600000000005,293.45,554.6570000000003
219,CN1C(=O)[C@H](CCCNC(N)N)NC(=O)[C@H](CCCNC(N)N)NC(=O)[C@H](Cc2cnc[nH]2)NC(=O)C[C@H]1C(O)O,HRRD(M),cyclic,13,12,13,-5.910400000000005,304.89,584.6830000000003
220,CN1C(=O)[C@H](CCCNC(N)N)NC(=O)[C@H](CCCNC(N)N)NC(=O)[C@H](Cc2cnc[nH]2)NC(=O)[C@@H]1CS,HRRC(M),cyclic,12,11,13,-4.681400000000004,264.43,570.7250000000004
221,CN1C(=O)[C@H](CCCNC(N)N)NC(=O)[C@H](CCCNC(N)N)NC(=O)[C@H](Cc2cnc[nH]2)NC(=O)CC[C@H]1C(O)O,HRRE(M),cyclic,13,12,13,-5.520300000000004,304.89,598.7100000000003
222,NC(N)NCCC[C@@H]1NC(=O)[C@H](CO)NC(=O)[C@H](CCCNC(N)N)NC(=O)[C@H](Cc2cnc[nH]2)NC1=O,HRSR,cyclic,12,12,13,-5.961100000000007,293.45,540.6300000000003
223,NC(N)NCCC[C@@H]1NC(=O)[C@H](Cc2cnc[nH]2)NC(=O)[C@H](CO)NC(=O)[C@H](CO)NC1=O,HRSS,cyclic,10,10,9,-5.539599999999999,249.60999999999993,469.5030000000002
224,C[C@@H](O)[C@@H]1NC(=O)[C@H](CO)NC(=O)[C@H](CCCNC(N)N)NC(=O)[C@H](Cc2cnc[nH]2)NC1=O,HRST,cyclic,10,10,9,-5.151099999999998,249.60999999999993,483.5300000000002
225,CN1C(=O)[C@H](CO)NC(=O)[C@H](CCCNC(N)N)NC(=O)[C@H](Cc2cnc[nH]2)NC(=O)C[C@H]1C(O)O,HRSD(M),cyclic,11,10,9,-5.488899999999998,261.04999999999995,513.5560000000003
226,CN1C(=O)[C@H](CO)NC(=O)[C@H](CCCNC(N)N)NC(=O)[C@H](Cc2cnc[nH]2)NC(=O)[C@@H]1CS,HRSC(M),cyclic,10,9,9,-4.259899999999994,220.58999999999995,499.59800000000024
227,CN1C(=O)[C@H](CO)NC(=O)[C@H](CCCNC(N)N)NC(=O)[C@H](Cc2cnc[nH]2)NC(=O)CC[C@H]1C(O)O,HRSE(M),cyclic,11,10,9,-5.098799999999997,261.04999999999995,527.5830000000003
228,C[C@@H](O)[C@@H]1NC(=O)[C@H](CCCNC(N)N)NC(=O)[C@H](Cc2cnc[nH]2)NC(=O)[C@H](CCCNC(N)N)NC1=O,HRTR,cyclic,12,12,13,-5.572600000000007,293.45,554.6570000000003
229,C[C@@H](O)[C@@H]1NC(=O)[C@H](CCCNC(N)N)NC(=O)[C@H](Cc2cnc[nH]2)NC(=O)[C@H](CO)NC1=O,HRTS,cyclic,10,10,9,-5.151099999999998,249.60999999999993,483.5300000000002
230,C[C@@H](O)[C@@H]1NC(=O)[C@H](CCCNC(N)N)NC(=O)[C@H](Cc2cnc[nH]2)NC(=O)[C@H]([C@@H](C)O)NC1=O,HRTT,cyclic,10,10,9,-4.762599999999997,249.60999999999993,497.5570000000002
231,C[C@@H](O)[C@@H]1NC(=O)[C@H](CCCNC(N)N)NC(=O)[C@H](Cc2cnc[nH]2)NC(=O)C[C@@H](C(O)O)N(C)C1=O,HRTD(M),cyclic,11,10,9,-5.100399999999997,261.04999999999995,527.5830000000002
232,C[C@@H](O)[C@@H]1NC(=O)[C@H](CCCNC(N)N)NC(=O)[C@H](Cc2cnc[nH]2)NC(=O)[C@H](CS)N(C)C1=O,HRTC(M),cyclic,10,9,9,-3.871399999999993,220.58999999999995,513.6250000000002
233,C[C@@H](O)[C@@H]1NC(=O)[C@H](CCCNC(N)N)NC(=O)[C@H](Cc2cnc[nH]2)NC(=O)CC[C@@H](C(O)O)N(C)C1=O,HRTE(M),cyclic,11,10,9,-4.710299999999997,261.04999999999995,541.6100000000002
234,CN1C(=O)[C@H](CCCNC(N)N)NC(=O)[C@H](Cc2cnc[nH]2)NC(=O)[C@H](CCCNC(N)N)NC(=O)C[C@H]1C(O)O,HRD(M)R,cyclic,13,12,13,-5.91040000000001,304.89,584.6830000000003
235,CN1C(=O)[C@H](CCCNC(N)N)NC(=O)[C@H](Cc2cnc[nH]2)NC(=O)[C@H](CO)NC(=O)C[C@H]1C(O)O,HRD(M)S,cyclic,11,10,9,-5.488899999999998,261.04999999999995,513.5560000000003
236,C[C@@H](O)[C@@H]1NC(=O)C[C@@H](C(O)O)N(C)C(=O)[C@H](CCCNC(N)N)NC(=O)[C@H](Cc2cnc[nH]2)NC1=O,HRD(M)T,cyclic,11,10,9,-5.100399999999997,261.04999999999995,527.5830000000002
237,CN1C(=O)C[C@@H](C(O)O)N(C)C(=O)[C@H](CCCNC(N)N)NC(=O)[C@H](Cc2cnc[nH]2)NC(=O)C[C@H]1C(O)O,HRD(M)D(M),cyclic,12,10,9,-5.4381999999999975,272.48999999999995,557.6090000000003
238,CN1C(=O)[C@H](CCCNC(N)N)NC(=O)[C@H](Cc2cnc[nH]2)NC(=O)[C@H](CS)N(C)C(=O)C[C@H]1C(O)O,HRD(M)C(M),cyclic,11,9,9,-4.20919999999999,232.02999999999994,543.6510000000003
239,CN1C(=O)C[C@@H](C(O)O)N(C)C(=O)[C@H](CCCNC(N)N)NC(=O)[C@H](Cc2cnc[nH]2)NC(=O)CC[C@H]1C(O)O,HRD(M)E(M),cyclic,12,10,9,-5.048099999999996,272.48999999999995,571.6360000000003
240,CN1C(=O)[C@H](CCCNC(N)N)NC(=O)[C@H](Cc2cnc[nH]2)NC(=O)[C@H](CCCNC(N)N)NC(=O)[C@@H]1CS,HRC(M)R,cyclic,12,11,13,-4.681400000000004,264.43,570.7250000000004
241,CN1C(=O)[C@H](CCCNC(N)N)NC(=O)[C@H](Cc2cnc[nH]2)NC(=O)[C@H](CO)NC(=O)[C@@H]1CS,HRC(M)S,cyclic,10,9,9,-4.259899999999994,220.58999999999995,499.59800000000024
242,C[C@@H](O)[C@@H]1NC(=O)[C@H](CS)N(C)C(=O)[C@H](CCCNC(N)N)NC(=O)[C@H](Cc2cnc[nH]2)NC1=O,HRC(M)T,cyclic,10,9,9,-3.8713999999999924,220.58999999999995,513.6250000000002
243,CN1C(=O)[C@H](CS)N(C)C(=O)[C@H](CCCNC(N)N)NC(=O)[C@H](Cc2cnc[nH]2)NC(=O)C[C@H]1C(O)O,HRC(M)D(M),cyclic,11,9,9,-4.20919999999999,232.02999999999994,543.6510000000003
244,CN1C(=O)[C@H](CCCNC(N)N)NC(=O)[C@H](Cc2cnc[nH]2)NC(=O)[C@H](CS)N(C)C(=O)[C@@H]1CS,HRC(M)C(M),cyclic,10,8,9,-2.9801999999999924,191.56999999999996,529.6930000000002
245,CN1C(=O)[C@H](CS)N(C)C(=O)[C@H](CCCNC(N)N)NC(=O)[C@H](Cc2cnc[nH]2)NC(=O)CC[C@H]1C(O)O,HRC(M)E(M),cyclic,11,9,9,-3.81909999999999,232.02999999999994,557.6780000000003
246,CN1C(=O)[C@H](CCCNC(N)N)NC(=O)[C@H](Cc2cnc[nH]2)NC(=O)[C@H](CCCNC(N)N)NC(=O)CC[C@H]1C(O)O,HRE(M)R,cyclic,13,12,13,-5.520300000000006,304.89,598.7100000000003
247,CN1C(=O)[C@H](CCCNC(N)N)NC(=O)[C@H](Cc2cnc[nH]2)NC(=O)[C@H](CO)NC(=O)CC[C@H]1C(O)O,HRE(M)S,cyclic,11,10,9,-5.098799999999995,261.04999999999995,527.5830000000003
248,C[C@@H](O)[C@@H]1NC(=O)CC[C@@H](C(O)O)N(C)C(=O)[C@H](CCCNC(N)N)NC(=O)[C@H](Cc2cnc[nH]2)NC1=O,HRE(M)T,cyclic,11,10,9,-4.710299999999997,261.04999999999995,541.6100000000002
249,CN1C(=O)CC[C@@H](C(O)O)N(C)C(=O)[C@H](CCCNC(N)N)NC(=O)[C@H](Cc2cnc[nH]2)NC(=O)C[C@H]1C(O)O,HRE(M)D(M),cyclic,12,10,9,-5.0480999999999945,272.48999999999995,571.6360000000003
250,CN1C(=O)[C@H](CCCNC(N)N)NC(=O)[C@H](Cc2cnc[nH]2)NC(=O)[C@H](CS)N(C)C(=O)CC[C@H]1C(O)O,HRE(M)C(M),cyclic,11,9,9,-3.8190999999999904,232.02999999999994,557.6780000000003
251,CN1C(=O)CC[C@@H](C(O)O)N(C)C(=O)[C@H](CCCNC(N)N)NC(=O)[C@H](Cc2cnc[nH]2)NC(=O)CC[C@H]1C(O)O,HRE(M)E(M),cyclic,12,10,9,-4.657999999999994,272.48999999999995,585.6630000000004
252,NC(N)NCCC[C@@H]1NC(=O)[C@H](CO)NC(=O)[C@H](Cc2cnc[nH]2)NC(=O)[C@H](CCCNC(N)N)NC1=O,HSRR,cyclic,12,12,13,-5.961100000000007,293.45,540.6300000000003
253,NC(N)NCCC[C@@H]1NC(=O)[C@H](CO)NC(=O)[C@H](Cc2cnc[nH]2)NC(=O)[C@H](CO)NC1=O,HSRS,cyclic,10,10,9,-5.539599999999999,249.60999999999996,469.5030000000002
254,C[C@@H](O)[C@@H]1NC(=O)[C@H](CCCNC(N)N)NC(=O)[C@H](CO)NC(=O)[C@H](Cc2cnc[nH]2)NC1=O,HSRT,cyclic,10,10,9,-5.151099999999998,249.60999999999996,483.5300000000002
255,CN1C(=O)[C@H](CCCNC(N)N)NC(=O)[C@H](CO)NC(=O)[C@H](Cc2cnc[nH]2)NC(=O)C[C@H]1C(O)O,HSRD(M),cyclic,11,10,9,-5.488899999999998,261.04999999999995,513.5560000000003
256,CN1C(=O)[C@H](CCCNC(N)N)NC(=O)[C@H](CO)NC(=O)[C@H](Cc2cnc[nH]2)NC(=O)[C@@H]1CS,HSRC(M),cyclic,10,9,9,-4.259899999999994,220.58999999999997,499.59800000000024
257,CN1C(=O)[C@H](CCCNC(N)N)NC(=O)[C@H](CO)NC(=O)[C@H](Cc2cnc[nH]2)NC(=O)CC[C@H]1C(O)O,HSRE(M),cyclic,11,10,9,-5.098799999999997,261.04999999999995,527.5830000000003
258,NC(N)NCCC[C@@H]1NC(=O)[C@H](CO)NC(=O)[C@H](CO)NC(=O)[C@H](Cc2cnc[nH]2)NC1=O,HSSR,cyclic,10,10,9,-5.539599999999997,249.60999999999999,469.50300000000027
259,O=C1N[C@@H](CO)C(=O)N[C@@H](Cc2cnc[nH]2)C(=O)N[C@@H](CO)C(=O)N[C@H]1CO,HSSS,cyclic,8,8,5,-5.118099999999993,205.76999999999998,398.37600000000015
260,C[C@@H](O)[C@@H]1NC(=O)[C@H](CO)NC(=O)[C@H](CO)NC(=O)[C@H](Cc2cnc[nH]2)NC1=O,HSST,cyclic,8,8,5,-4.7295999999999925,205.76999999999998,412.40300000000013
261,CN1C(=O)[C@H](CO)NC(=O)[C@H](CO)NC(=O)[C@H](Cc2cnc[nH]2)NC(=O)C[C@H]1C(O)O,HSSD(M),cyclic,9,8,5,-5.067399999999991,217.20999999999995,442.4290000000002
262,CN1C(=O)[C@H](CO)NC(=O)[C@H](CO)NC(=O)[C@H](Cc2cnc[nH]2)NC(=O)[C@@H]1CS,HSSC(M),cyclic,8,7,5,-3.8383999999999925,176.74999999999997,428.4710000000002
263,CN1C(=O)[C@H](CO)NC(=O)[C@H](CO)NC(=O)[C@H](Cc2cnc[nH]2)NC(=O)CC[C@H]1C(O)O,HSSE(M),cyclic,9,8,5,-4.677299999999991,217.20999999999995,456.45600000000024
264,C[C@@H](O)[C@@H]1NC(=O)[C@H](CO)NC(=O)[C@H](Cc2cnc[nH]2)NC(=O)[C@H](CCCNC(N)N)NC1=O,HSTR,cyclic,10,10,9,-5.151099999999996,249.60999999999999,483.5300000000003
265,C[C@@H](O)[C@@H]1NC(=O)[C@H](CO)NC(=O)[C@H](Cc2cnc[nH]2)NC(=O)[C@H](CO)NC1=O,HSTS,cyclic,8,8,5,-4.7295999999999925,205.76999999999998,412.4030000000002
266,C[C@@H](O)[C@@H]1NC(=O)[C@H](CO)NC(=O)[C@H](Cc2cnc[nH]2)NC(=O)[C@H]([C@@H](C)O)NC1=O,HSTT,cyclic,8,8,5,-4.341099999999992,205.76999999999998,426.4300000000002
267,C[C@@H](O)[C@@H]1NC(=O)[C@H](CO)NC(=O)[C@H](Cc2cnc[nH]2)NC(=O)C[C@@H](C(O)O)N(C)C1=O,HSTD(M),cyclic,9,8,5,-4.678899999999991,217.20999999999995,456.45600000000024
268,C[C@@H](O)[C@@H]1NC(=O)[C@H](CO)NC(=O)[C@H](Cc2cnc[nH]2)NC(=O)[C@H](CS)N(C)C1=O,HSTC(M),cyclic,8,7,5,-3.449899999999992,176.74999999999997,442.4980000000002
269,C[C@@H](O)[C@@H]1NC(=O)[C@H](CO)NC(=O)[C@H](Cc2cnc[nH]2)NC(=O)CC[C@@H](C(O)O)N(C)C1=O,HSTE(M),cyclic,9,8,5,-4.28879999999999,217.20999999999995,470.4830000000003
270,CN1C(=O)[C@H](CO)NC(=O)[C@H](Cc2cnc[nH]2)NC(=O)[C@H](CCCNC(N)N)NC(=O)C[C@H]1C(O)O,HSD(M)R,cyclic,11,10,9,-5.4888999999999974,261.05,513.5560000000003
271,CN1C(=O)[C@H](CO)NC(=O)[C@H](Cc2cnc[nH]2)NC(=O)[C@H](CO)NC(=O)C[C@H]1C(O)O,HSD(M)S,cyclic,9,8,5,-5.067399999999991,217.20999999999995,442.4290000000002
272,C[C@@H](O)[C@@H]1NC(=O)C[C@@H](C(O)O)N(C)C(=O)[C@H](CO)NC(=O)[C@H](Cc2cnc[nH]2)NC1=O,HSD(M)T,cyclic,9,8,5,-4.678899999999991,217.20999999999995,456.4560000000002
273,CN1C(=O)C[C@@H](C(O)O)N(C)C(=O)[C@H](CO)NC(=O)[C@H](Cc2cnc[nH]2)NC(=O)C[C@H]1C(O)O,HSD(M)D(M),cyclic,10,8,5,-5.0166999999999895,228.64999999999995,486.48200000000026
274,CN1C(=O)[C@H](CO)NC(=O)[C@H](Cc2cnc[nH]2)NC(=O)[C@H](CS)N(C)C(=O)C[C@H]1C(O)O,HSD(M)C(M),cyclic,9,7,5,-3.7876999999999907,188.18999999999997,472.5240000000002
275,CN1C(=O)C[C@@H](C(O)O)N(C)C(=O)[C@H](CO)NC(=O)[C@H](Cc2cnc[nH]2)NC(=O)CC[C@H]1C(O)O,HSD(M)E(M),cyclic,10,8,5,-4.626599999999989,228.64999999999995,500.5090000000003
276,CN1C(=O)[C@H](CO)NC(=O)[C@H](Cc2cnc[nH]2)NC(=O)[C@H](CCCNC(N)N)NC(=O)[C@@H]1CS,HSC(M)R,cyclic,10,9,9,-4.259899999999994,220.58999999999997,499.59800000000024
277,CN1C(=O)[C@H](CO)NC(=O)[C@H](Cc2cnc[nH]2)NC(=O)[C@H](CO)NC(=O)[C@@H]1CS,HSC(M)S,cyclic,8,7,5,-3.8383999999999925,176.74999999999997,428.4710000000001
278,C[C@@H](O)[C@@H]1NC(=O)[C@H](CS)N(C)C(=O)[C@H](CO)NC(=O)[C@H](Cc2cnc[nH]2)NC1=O,HSC(M)T,cyclic,8,7,5,-3.4498999999999924,176.74999999999997,442.4980000000001
279,CN1C(=O)[C@H](CS)N(C)C(=O)[C@H](CO)NC(=O)[C@H](Cc2cnc[nH]2)NC(=O)C[C@H]1C(O)O,HSC(M)D(M),cyclic,9,7,5,-3.787699999999991,188.18999999999997,472.52400000000017
280,CN1C(=O)[C@H](CO)NC(=O)[C@H](Cc2cnc[nH]2)NC(=O)[C@H](CS)N(C)C(=O)[C@@H]1CS,HSC(M)C(M),cyclic,8,6,5,-2.5586999999999933,147.72999999999996,458.56600000000014
281,CN1C(=O)[C@H](CS)N(C)C(=O)[C@H](CO)NC(=O)[C@H](Cc2cnc[nH]2)NC(=O)CC[C@H]1C(O)O,HSC(M)E(M),cyclic,9,7,5,-3.3975999999999917,188.18999999999997,486.5510000000002
282,CN1C(=O)[C@H](CO)NC(=O)[C@H](Cc2cnc[nH]2)NC(=O)[C@H](CCCNC(N)N)NC(=O)CC[C@H]1C(O)O,HSE(M)R,cyclic,11,10,9,-5.098799999999995,261.05,527.5830000000003
283,CN1C(=O)[C@H](CO)NC(=O)[C@H](Cc2cnc[nH]2)NC(=O)[C@H](CO)NC(=O)CC[C@H]1C(O)O,HSE(M)S,cyclic,9,8,5,-4.677299999999991,217.20999999999995,456.45600000000024
284,C[C@@H](O)[C@@H]1NC(=O)CC[C@@H](C(O)O)N(C)C(=O)[C@H](CO)NC(=O)[C@H](Cc2cnc[nH]2)NC1=O,HSE(M)T,cyclic,9,8,5,-4.28879999999999,217.20999999999995,470.48300000000023
285,CN1C(=O)CC[C@@H](C(O)O)N(C)C(=O)[C@H](CO)NC(=O)[C@H](Cc2cnc[nH]2)NC(=O)C[C@H]1C(O)O,HSE(M)D(M),cyclic,10,8,5,-4.626599999999989,228.64999999999995,500.5090000000003
286,CN1C(=O)[C@H](CO)NC(=O)[C@H](Cc2cnc[nH]2)NC(=O)[C@H](CS)N(C)C(=O)CC[C@H]1C(O)O,HSE(M)C(M),cyclic,9,7,5,-3.3975999999999904,188.18999999999997,486.5510000000003
287,CN1C(=O)CC[C@@H](C(O)O)N(C)C(=O)[C@H](CO)NC(=O)[C@H](Cc2cnc[nH]2)NC(=O)CC[C@H]1C(O)O,HSE(M)E(M),cyclic,10,8,5,-4.236499999999989,228.64999999999995,514.5360000000003
288,C[C@@H](O)[C@@H]1NC(=O)[C@H](Cc2cnc[nH]2)NC(=O)[C@H](CCCNC(N)N)NC(=O)[C@H](CCCNC(N)N)NC1=O,HTRR,cyclic,12,12,13,-5.572600000000008,293.45,554.6570000000004
289,C[C@@H](O)[C@@H]1NC(=O)[C@H](Cc2cnc[nH]2)NC(=O)[C@H](CO)NC(=O)[C@H](CCCNC(N)N)NC1=O,HTRS,cyclic,10,10,9,-5.151099999999998,249.60999999999996,483.5300000000003
290,C[C@@H](O)[C@@H]1NC(=O)[C@H](CCCNC(N)N)NC(=O)[C@H]([C@@H](C)O)NC(=O)[C@H](Cc2cnc[nH]2)NC1=O,HTRT,cyclic,10,10,9,-4.762599999999997,249.60999999999996,497.5570000000003
291,C[C@@H](O)[C@@H]1NC(=O)[C@H](Cc2cnc[nH]2)NC(=O)C[C@@H](C(O)O)N(C)C(=O)[C@H](CCCNC(N)N)NC1=O,HTRD(M),cyclic,11,10,9,-5.100399999999997,261.04999999999995,527.5830000000003
292,C[C@@H](O)[C@@H]1NC(=O)[C@H](Cc2cnc[nH]2)NC(=O)[C@H](CS)N(C)C(=O)[C@H](CCCNC(N)N)NC1=O,HTRC(M),cyclic,10,9,9,-3.871399999999993,220.58999999999997,513.6250000000003
293,C[C@@H](O)[C@@H]1NC(=O)[C@H](Cc2cnc[nH]2)NC(=O)CC[C@@H](C(O)O)N(C)C(=O)[C@H](CCCNC(N)N)NC1=O,HTRE(M),cyclic,11,10,9,-4.710299999999997,261.04999999999995,541.6100000000004
294,C[C@@H](O)[C@@H]1NC(=O)[C@H](Cc2cnc[nH]2)NC(=O)[C@H](CCCNC(N)N)NC(=O)[C@H](CO)NC1=O,HTSR,cyclic,10,10,9,-5.151099999999996,249.60999999999999,483.5300000000003
295,C[C@@H](O)[C@@H]1NC(=O)[C@H](Cc2cnc[nH]2)NC(=O)[C@H](CO)NC(=O)[C@H](CO)NC1=O,HTSS,cyclic,8,8,5,-4.7295999999999925,205.76999999999998,412.4030000000002
296,C[C@@H](O)[C@@H]1NC(=O)[C@H](CO)NC(=O)[C@H]([C@@H](C)O)NC(=O)[C@H](Cc2cnc[nH]2)NC1=O,HTST,cyclic,8,8,5,-4.341099999999992,205.76999999999998,426.4300000000002
297,C[C@@H](O)[C@@H]1NC(=O)[C@H](Cc2cnc[nH]2)NC(=O)C[C@@H](C(O)O)N(C)C(=O)[C@H](CO)NC1=O,HTSD(M),cyclic,9,8,5,-4.678899999999991,217.20999999999995,456.45600000000024
298,C[C@@H](O)[C@@H]1NC(=O)[C@H](Cc2cnc[nH]2)NC(=O)[C@H](CS)N(C)C(=O)[C@H](CO)NC1=O,HTSC(M),cyclic,8,7,5,-3.449899999999993,176.74999999999997,442.4980000000002
299,C[C@@H](O)[C@@H]1NC(=O)[C@H](Cc2cnc[nH]2)NC(=O)CC[C@@H](C(O)O)N(C)C(=O)[C@H](CO)NC1=O,HTSE(M),cyclic,9,8,5,-4.28879999999999,217.20999999999995,470.4830000000003
300,C[C@@H](O)[C@@H]1NC(=O)[C@H](Cc2cnc[nH]2)NC(=O)[C@H](CCCNC(N)N)NC(=O)[C@H]([C@@H](C)O)NC1=O,HTTR,cyclic,10,10,9,-4.7625999999999955,249.60999999999999,497.55700000000036
301,C[C@@H](O)[C@@H]1NC(=O)[C@H](Cc2cnc[nH]2)NC(=O)[C@H](CO)NC(=O)[C@H]([C@@H](C)O)NC1=O,HTTS,cyclic,8,8,5,-4.341099999999992,205.76999999999998,426.43000000000023
302,C[C@@H](O)[C@@H]1NC(=O)[C@H](Cc2cnc[nH]2)NC(=O)[C@H]([C@@H](C)O)NC(=O)[C@H]([C@@H](C)O)NC1=O,HTTT,cyclic,8,8,5,-3.9525999999999915,205.76999999999998,440.4570000000002
303,C[C@@H](O)[C@@H]1NC(=O)[C@H](Cc2cnc[nH]2)NC(=O)C[C@@H](C(O)O)N(C)C(=O)[C@H]([C@@H](C)O)NC1=O,HTTD(M),cyclic,9,8,5,-4.29039999999999,217.20999999999995,470.4830000000003
304,C[C@@H](O)[C@@H]1NC(=O)[C@H](Cc2cnc[nH]2)NC(=O)[C@H](CS)N(C)C(=O)[C@H]([C@@H](C)O)NC1=O,HTTC(M),cyclic,8,7,5,-3.0613999999999923,176.74999999999997,456.52500000000026
305,C[C@@H](O)[C@@H]1NC(=O)[C@H](Cc2cnc[nH]2)NC(=O)CC[C@@H](C(O)O)N(C)C(=O)[C@H]([C@@H](C)O)NC1=O,HTTE(M),cyclic,9,8,5,-3.90029999999999,217.20999999999995,484.51000000000033
306,C[C@@H](O)[C@@H]1NC(=O)[C@H](Cc2cnc[nH]2)NC(=O)[C@H](CCCNC(N)N)NC(=O)C[C@@H](C(O)O)N(C)C1=O,HTD(M)R,cyclic,11,10,9,-5.100399999999995,261.05,527.5830000000003
307,C[C@@H](O)[C@@H]1NC(=O)[C@H](Cc2cnc[nH]2)NC(=O)[C@H](CO)NC(=O)C[C@@H](C(O)O)N(C)C1=O,HTD(M)S,cyclic,9,8,5,-4.678899999999991,217.20999999999995,456.45600000000024
308,C[C@@H](O)[C@@H]1NC(=O)C[C@@H](C(O)O)N(C)C(=O)[C@H]([C@@H](C)O)NC(=O)[C@H](Cc2cnc[nH]2)NC1=O,HTD(M)T,cyclic,9,8,5,-4.29039999999999,217.20999999999995,470.48300000000023
309,C[C@@H](O)[C@@H]1NC(=O)[C@H](Cc2cnc[nH]2)NC(=O)C[C@@H](C(O)O)N(C)C(=O)C[C@@H](C(O)O)N(C)C1=O,HTD(M)D(M),cyclic,10,8,5,-4.628199999999989,228.64999999999995,500.5090000000003
310,C[C@@H](O)[C@@H]1NC(=O)[C@H](Cc2cnc[nH]2)NC(=O)[C@H](CS)N(C)C(=O)C[C@@H](C(O)O)N(C)C1=O,HTD(M)C(M),cyclic,9,7,5,-3.399199999999991,188.18999999999997,486.5510000000003
311,C[C@@H](O)[C@@H]1NC(=O)[C@H](Cc2cnc[nH]2)NC(=O)CC[C@@H](C(O)O)N(C)C(=O)C[C@@H](C(O)O)N(C)C1=O,HTD(M)E(M),cyclic,10,8,5,-4.238099999999989,228.64999999999995,514.5360000000003
312,C[C@@H](O)[C@@H]1NC(=O)[C@H](Cc2cnc[nH]2)NC(=O)[C@H](CCCNC(N)N)NC(=O)[C@H](CS)N(C)C1=O,HTC(M)R,cyclic,10,9,9,-3.8713999999999924,220.58999999999997,513.6250000000003
313,C[C@@H](O)[C@@H]1NC(=O)[C@H](Cc2cnc[nH]2)NC(=O)[C@H](CO)NC(=O)[C@H](CS)N(C)C1=O,HTC(M)S,cyclic,8,7,5,-3.449899999999993,176.74999999999997,442.4980000000002
314,C[C@@H](O)[C@@H]1NC(=O)[C@H](CS)N(C)C(=O)[C@H]([C@@H](C)O)NC(=O)[C@H](Cc2cnc[nH]2)NC1=O,HTC(M)T,cyclic,8,7,5,-3.061399999999993,176.74999999999997,456.5250000000002
315,C[C@@H](O)[C@@H]1NC(=O)[C@H](Cc2cnc[nH]2)NC(=O)C[C@@H](C(O)O)N(C)C(=O)[C@H](CS)N(C)C1=O,HTC(M)D(M),cyclic,9,7,5,-3.3991999999999916,188.18999999999997,486.5510000000003
316,C[C@@H](O)[C@@H]1NC(=O)[C@H](Cc2cnc[nH]2)NC(=O)[C@H](CS)N(C)C(=O)[C@H](CS)N(C)C1=O,HTC(M)C(M),cyclic,8,6,5,-2.170199999999993,147.72999999999996,472.59300000000025
317,C[C@@H](O)[C@@H]1NC(=O)[C@H](Cc2cnc[nH]2)NC(=O)CC[C@@H](C(O)O)N(C)C(=O)[C@H](CS)N(C)C1=O,HTC(M)E(M),cyclic,9,7,5,-3.0090999999999912,188.18999999999997,500.5780000000003
318,C[C@@H](O)[C@@H]1NC(=O)[C@H](Cc2cnc[nH]2)NC(=O)[C@H](CCCNC(N)N)NC(=O)CC[C@@H](C(O)O)N(C)C1=O,HTE(M)R,cyclic,11,10,9,-4.710299999999995,261.05,541.6100000000004
319,C[C@@H](O)[C@@H]1NC(=O)[C@H](Cc2cnc[nH]2)NC(=O)[C@H](CO)NC(=O)CC[C@@H](C(O)O)N(C)C1=O,HTE(M)S,cyclic,9,8,5,-4.28879999999999,217.20999999999995,470.4830000000003
320,C[C@@H](O)[C@@H]1NC(=O)CC[C@@H](C(O)O)N(C)C(=O)[C@H]([C@@H](C)O)NC(=O)[C@H](Cc2cnc[nH]2)NC1=O,HTE(M)T,cyclic,9,8,5,-3.90029999999999,217.20999999999995,484.5100000000003
321,C[C@@H](O)[C@@H]1NC(=O)[C@H](Cc2cnc[nH]2)NC(=O)C[C@@H](C(O)O)N(C)C(=O)CC[C@@H](C(O)O)N(C)C1=O,HTE(M)D(M),cyclic,10,8,5,-4.238099999999989,228.64999999999995,514.5360000000003
322,C[C@@H](O)[C@@H]1NC(=O)[C@H](Cc2cnc[nH]2)NC(=O)[C@H](CS)N(C)C(=O)CC[C@@H](C(O)O)N(C)C1=O,HTE(M)C(M),cyclic,9,7,5,-3.009099999999991,188.18999999999997,500.5780000000003
323,C[C@@H](O)[C@@H]1NC(=O)[C@H](Cc2cnc[nH]2)NC(=O)CC[C@@H](C(O)O)N(C)C(=O)CC[C@@H](C(O)O)N(C)C1=O,HTE(M)E(M),cyclic,10,8,5,-3.8479999999999883,228.64999999999995,528.5630000000003
324,CN1C(=O)[C@H](Cc2cnc[nH]2)NC(=O)[C@H](CCCNC(N)N)NC(=O)[C@H](CCCNC(N)N)NC(=O)C[C@H]1C(O)O,HD(M)RR,cyclic,13,12,13,-5.91040000000001,304.89000000000004,584.6830000000004
325,CN1C(=O)[C@H](Cc2cnc[nH]2)NC(=O)[C@H](CO)NC(=O)[C@H](CCCNC(N)N)NC(=O)C[C@H]1C(O)O,HD(M)RS,cyclic,11,10,9,-5.488900000000002,261.05,513.5560000000003
326,C[C@@H](O)[C@@H]1NC(=O)[C@H](CCCNC(N)N)NC(=O)C[C@@H](C(O)O)N(C)C(=O)[C@H](Cc2cnc[nH]2)NC1=O,HD(M)RT,cyclic,11,10,9,-5.1004000000000005,261.05,527.5830000000003
327,CN1C(=O)[C@H](CCCNC(N)N)NC(=O)C[C@@H](C(O)O)N(C)C(=O)[C@H](Cc2cnc[nH]2)NC(=O)C[C@H]1C(O)O,HD(M)RD(M),cyclic,12,10,9,-5.438200000000001,272.49,557.6090000000004
328,CN1C(=O)[C@H](Cc2cnc[nH]2)NC(=O)[C@H](CS)N(C)C(=O)[C@H](CCCNC(N)N)NC(=O)C[C@H]1C(O)O,HD(M)RC(M),cyclic,11,9,9,-4.209199999999992,232.03,543.6510000000003
329,CN1C(=O)[C@H](CCCNC(N)N)NC(=O)C[C@@H](C(O)O)N(C)C(=O)[C@H](Cc2cnc[nH]2)NC(=O)CC[C@H]1C(O)O,HD(M)RE(M),cyclic,12,10,9,-5.048099999999998,272.49,571.6360000000004
330,CN1C(=O)[C@H](Cc2cnc[nH]2)NC(=O)[C@H](CCCNC(N)N)NC(=O)[C@H](CO)NC(=O)C[C@H]1C(O)O,HD(M)SR,cyclic,11,10,9,-5.4889,261.05,513.5560000000003
331,CN1C(=O)[C@H](Cc2cnc[nH]2)NC(=O)[C@H](CO)NC(=O)[C@H](CO)NC(=O)C[C@H]1C(O)O,HD(M)SS,cyclic,9,8,5,-5.067399999999992,217.20999999999998,442.4290000000002
332,C[C@@H](O)[C@@H]1NC(=O)[C@H](CO)NC(=O)C[C@@H](C(O)O)N(C)C(=O)[C@H](Cc2cnc[nH]2)NC1=O,HD(M)ST,cyclic,9,8,5,-4.678899999999992,217.20999999999998,456.4560000000002
333,CN1C(=O)[C@H](CO)NC(=O)C[C@@H](C(O)O)N(C)C(=O)[C@H](Cc2cnc[nH]2)NC(=O)C[C@H]1C(O)O,HD(M)SD(M),cyclic,10,8,5,-5.01669999999999,228.64999999999998,486.48200000000026
334,CN1C(=O)[C@H](Cc2cnc[nH]2)NC(=O)[C@H](CS)N(C)C(=O)[C@H](CO)NC(=O)C[C@H]1C(O)O,HD(M)SC(M),cyclic,9,7,5,-3.7876999999999916,188.19,472.5240000000002
335,CN1C(=O)[C@H](CO)NC(=O)C[C@@H](C(O)O)N(C)C(=O)[C@H](Cc2cnc[nH]2)NC(=O)CC[C@H]1C(O)O,HD(M)SE(M),cyclic,10,8,5,-4.62659999999999,228.64999999999998,500.5090000000003
336,C[C@@H](O)[C@@H]1NC(=O)C[C@@H](C(O)O)N(C)C(=O)[C@H](Cc2cnc[nH]2)NC(=O)[C@H](CCCNC(N)N)NC1=O,HD(M)TR,cyclic,11,10,9,-5.100399999999999,261.05,527.5830000000003
337,C[C@@H](O)[C@@H]1NC(=O)C[C@@H](C(O)O)N(C)C(=O)[C@H](Cc2cnc[nH]2)NC(=O)[C@H](CO)NC1=O,HD(M)TS,cyclic,9,8,5,-4.678899999999992,217.20999999999998,456.4560000000002
338,C[C@@H](O)[C@@H]1NC(=O)C[C@@H](C(O)O)N(C)C(=O)[C@H](Cc2cnc[nH]2)NC(=O)[C@H]([C@@H](C)O)NC1=O,HD(M)TT,cyclic,9,8,5,-4.290399999999991,217.20999999999998,470.4830000000002
339,C[C@@H](O)[C@@H]1NC(=O)C[C@@H](C(O)O)N(C)C(=O)[C@H](Cc2cnc[nH]2)NC(=O)C[C@@H](C(O)O)N(C)C1=O,HD(M)TD(M),cyclic,10,8,5,-4.62819999999999,228.64999999999998,500.50900000000024
340,C[C@@H](O)[C@@H]1NC(=O)C[C@@H](C(O)O)N(C)C(=O)[C@H](Cc2cnc[nH]2)NC(=O)[C@H](CS)N(C)C1=O,HD(M)TC(M),cyclic,9,7,5,-3.399199999999991,188.19,486.5510000000002
341,C[C@@H](O)[C@@H]1NC(=O)C[C@@H](C(O)O)N(C)C(=O)[C@H](Cc2cnc[nH]2)NC(=O)CC[C@@H](C(O)O)N(C)C1=O,HD(M)TE(M),cyclic,10,8,5,-4.2380999999999895,228.64999999999998,514.5360000000003
342,CN1C(=O)C[C@@H](C(O)O)N(C)C(=O)[C@H](Cc2cnc[nH]2)NC(=O)[C@H](CCCNC(N)N)NC(=O)C[C@H]1C(O)O,HD(M)D(M)R,cyclic,12,10,9,-5.438199999999999,272.49,557.6090000000004
343,CN1C(=O)C[C@@H](C(O)O)N(C)C(=O)[C@H](Cc2cnc[nH]2)NC(=O)[C@H](CO)NC(=O)C[C@H]1C(O)O,HD(M)D(M)S,cyclic,10,8,5,-5.01669999999999,228.64999999999998,486.48200000000026
344,C[C@@H](O)[C@@H]1NC(=O)C[C@@H](C(O)O)N(C)C(=O)C[C@@H](C(O)O)N(C)C(=O)[C@H](Cc2cnc[nH]2)NC1=O,HD(M)D(M)T,cyclic,10,8,5,-4.62819999999999,228.64999999999998,500.50900000000024
345,CN1C(=O)C[C@@H](C(O)O)N(C)C(=O)C[C@@H](C(O)O)N(C)C(=O)[C@H](Cc2cnc[nH]2)NC(=O)C[C@H]1C(O)O,HD(M)D(M)D(M),cyclic,11,8,5,-4.965999999999989,240.08999999999997,530.5350000000003
346,CN1C(=O)C[C@@H](C(O)O)N(C)C(=O)[C@H](Cc2cnc[nH]2)NC(=O)[C@H](CS)N(C)C(=O)C[C@H]1C(O)O,HD(M)D(M)C(M),cyclic,10,7,5,-3.73699999999999,199.63,516.5770000000002
347,CN1C(=O)C[C@@H](C(O)O)N(C)C(=O)C[C@@H](C(O)O)N(C)C(=O)[C@H](Cc2cnc[nH]2)NC(=O)CC[C@H]1C(O)O,HD(M)D(M)E(M),cyclic,11,8,5,-4.575899999999988,240.08999999999997,544.5620000000004
348,CN1C(=O)[C@H](Cc2cnc[nH]2)NC(=O)[C@H](CCCNC(N)N)NC(=O)[C@H](CS)N(C)C(=O)C[C@H]1C(O)O,HD(M)C(M)R,cyclic,11,9,9,-4.209199999999992,232.03,543.6510000000003
349,CN1C(=O)[C@H](Cc2cnc[nH]2)NC(=O)[C@H](CO)NC(=O)[C@H](CS)N(C)C(=O)C[C@H]1C(O)O,HD(M)C(M)S,cyclic,9,7,5,-3.7876999999999916,188.19,472.5240000000002
350,C[C@@H](O)[C@@H]1NC(=O)[C@H](CS)N(C)C(=O)C[C@@H](C(O)O)N(C)C(=O)[C@H](Cc2cnc[nH]2)NC1=O,HD(M)C(M)T,cyclic,9,7,5,-3.3991999999999924,188.19,486.5510000000002
351,CN1C(=O)[C@H](Cc2cnc[nH]2)NC(=O)C[C@@H](C(O)O)N(C)C(=O)[C@H](CS)N(C)C(=O)C[C@H]1C(O)O,HD(M)C(M)D(M),cyclic,10,7,5,-3.7369999999999903,199.62999999999997,516.5770000000002
352,CN1C(=O)[C@H](Cc2cnc[nH]2)NC(=O)[C@H](CS)N(C)C(=O)[C@H](CS)N(C)C(=O)C[C@H]1C(O)O,HD(M)C(M)C(M),cyclic,9,6,5,-2.5079999999999925,159.17,502.61900000000026
353,CN1C(=O)[C@H](Cc2cnc[nH]2)NC(=O)CC[C@@H](C(O)O)N(C)C(=O)[C@H](CS)N(C)C(=O)C[C@H]1C(O)O,HD(M)C(M)E(M),cyclic,10,7,5,-3.346899999999991,199.62999999999997,530.6040000000003
354,CN1C(=O)C[C@@H](C(O)O)N(C)C(=O)[C@H](Cc2cnc[nH]2)NC(=O)[C@H](CCCNC(N)N)NC(=O)CC[C@H]1C(O)O,HD(M)E(M)R,cyclic,12,10,9,-5.048099999999996,272.49,571.6360000000004
355,CN1C(=O)C[C@@H](C(O)O)N(C)C(=O)[C@H](Cc2cnc[nH]2)NC(=O)[C@H](CO)NC(=O)CC[C@H]1C(O)O,HD(M)E(M)S,cyclic,10,8,5,-4.62659999999999,228.64999999999998,500.5090000000003
356,C[C@@H](O)[C@@H]1NC(=O)CC[C@@H](C(O)O)N(C)C(=O)C[C@@H](C(O)O)N(C)C(=O)[C@H](Cc2cnc[nH]2)NC1=O,HD(M)E(M)T,cyclic,10,8,5,-4.2380999999999895,228.64999999999998,514.5360000000003
357,CN1C(=O)C[C@@H](C(O)O)N(C)C(=O)[C@H](Cc2cnc[nH]2)NC(=O)C[C@@H](C(O)O)N(C)C(=O)CC[C@H]1C(O)O,HD(M)E(M)D(M),cyclic,11,8,5,-4.575899999999988,240.08999999999997,544.5620000000004
358,CN1C(=O)C[C@@H](C(O)O)N(C)C(=O)[C@H](Cc2cnc[nH]2)NC(=O)[C@H](CS)N(C)C(=O)CC[C@H]1C(O)O,HD(M)E(M)C(M),cyclic,10,7,5,-3.3468999999999896,199.63,530.6040000000003
359,CN1C(=O)CC[C@@H](C(O)O)N(C)C(=O)C[C@@H](C(O)O)N(C)C(=O)[C@H](Cc2cnc[nH]2)NC(=O)CC[C@H]1C(O)O,HD(M)E(M)E(M),cyclic,11,8,5,-4.185799999999988,240.08999999999997,558.5890000000004
360,CN1C(=O)[C@H](Cc2cnc[nH]2)NC(=O)[C@H](CCCNC(N)N)NC(=O)[C@H](CCCNC(N)N)NC(=O)[C@@H]1CS,HC(M)RR,cyclic,12,11,13,-4.681400000000008,264.43,570.7250000000005
361,CN1C(=O)[C@H](Cc2cnc[nH]2)NC(=O)[C@H](CO)NC(=O)[C@H](CCCNC(N)N)NC(=O)[C@@H]1CS,HC(M)RS,cyclic,10,9,9,-4.259899999999994,220.58999999999995,499.59800000000035
362,C[C@@H](O)[C@@H]1NC(=O)[C@H](CCCNC(N)N)NC(=O)[C@H](CS)N(C)C(=O)[C@H](Cc2cnc[nH]2)NC1=O,HC(M)RT,cyclic,10,9,9,-3.8713999999999924,220.58999999999995,513.6250000000003
363,CN1C(=O)[C@H](CCCNC(N)N)NC(=O)[C@H](CS)N(C)C(=O)[C@H](Cc2cnc[nH]2)NC(=O)C[C@H]1C(O)O,HC(M)RD(M),cyclic,11,9,9,-4.209199999999992,232.02999999999994,543.6510000000004
364,CN1C(=O)[C@H](CCCNC(N)N)NC(=O)[C@H](CS)N(C)C(=O)[C@H](Cc2cnc[nH]2)NC(=O)[C@@H]1CS,HC(M)RC(M),cyclic,10,8,9,-2.9801999999999924,191.56999999999996,529.6930000000003
365,CN1C(=O)[C@H](CCCNC(N)N)NC(=O)[C@H](CS)N(C)C(=O)[C@H](Cc2cnc[nH]2)NC(=O)CC[C@H]1C(O)O,HC(M)RE(M),cyclic,11,9,9,-3.8190999999999917,232.02999999999994,557.6780000000005
366,CN1C(=O)[C@H](Cc2cnc[nH]2)NC(=O)[C@H](CCCNC(N)N)NC(=O)[C@H](CO)NC(=O)[C@@H]1CS,HC(M)SR,cyclic,10,9,9,-4.259899999999994,220.58999999999997,499.59800000000035
367,CN1C(=O)[C@H](Cc2cnc[nH]2)NC(=O)[C@H](CO)NC(=O)[C@H](CO)NC(=O)[C@@H]1CS,HC(M)SS,cyclic,8,7,5,-3.8383999999999934,176.75,428.47100000000023
368,C[C@@H](O)[C@@H]1NC(=O)[C@H](CO)NC(=O)[C@H](CS)N(C)C(=O)[C@H](Cc2cnc[nH]2)NC1=O,HC(M)ST,cyclic,8,7,5,-3.4498999999999933,176.75,442.4980000000002
369,CN1C(=O)[C@H](CO)NC(=O)[C@H](CS)N(C)C(=O)[C@H](Cc2cnc[nH]2)NC(=O)C[C@H]1C(O)O,HC(M)SD(M),cyclic,9,7,5,-3.787699999999992,188.19,472.5240000000003
370,CN1C(=O)[C@H](CO)NC(=O)[C@H](CS)N(C)C(=O)[C@H](Cc2cnc[nH]2)NC(=O)[C@@H]1CS,HC(M)SC(M),cyclic,8,6,5,-2.558699999999994,147.73,458.56600000000026
371,CN1C(=O)[C@H](CO)NC(=O)[C@H](CS)N(C)C(=O)[C@H](Cc2cnc[nH]2)NC(=O)CC[C@H]1C(O)O,HC(M)SE(M),cyclic,9,7,5,-3.3975999999999926,188.19,486.55100000000033
372,C[C@@H](O)[C@@H]1NC(=O)[C@H](CS)N(C)C(=O)[C@H](Cc2cnc[nH]2)NC(=O)[C@H](CCCNC(N)N)NC1=O,HC(M)TR,cyclic,10,9,9,-3.8713999999999924,220.58999999999997,513.6250000000003
373,C[C@@H](O)[C@@H]1NC(=O)[C@H](CS)N(C)C(=O)[C@H](Cc2cnc[nH]2)NC(=O)[C@H](CO)NC1=O,HC(M)TS,cyclic,8,7,5,-3.449899999999993,176.75,442.4980000000002
374,C[C@@H](O)[C@@H]1NC(=O)[C@H]([C@@H](C)O)NC(=O)[C@H](CS)N(C)C(=O)[C@H](Cc2cnc[nH]2)NC1=O,HC(M)TT,cyclic,8,7,5,-3.0613999999999937,176.75,456.5250000000002
375,C[C@@H](O)[C@@H]1NC(=O)[C@H](CS)N(C)C(=O)[C@H](Cc2cnc[nH]2)NC(=O)C[C@@H](C(O)O)N(C)C1=O,HC(M)TD(M),cyclic,9,7,5,-3.3991999999999916,188.19,486.5510000000003
376,C[C@@H](O)[C@@H]1NC(=O)[C@H](CS)N(C)C(=O)[C@H](Cc2cnc[nH]2)NC(=O)[C@H](CS)N(C)C1=O,HC(M)TC(M),cyclic,8,6,5,-2.1701999999999937,147.73,472.59300000000025
377,C[C@@H](O)[C@@H]1NC(=O)[C@H](CS)N(C)C(=O)[C@H](Cc2cnc[nH]2)NC(=O)CC[C@@H](C(O)O)N(C)C1=O,HC(M)TE(M),cyclic,9,7,5,-3.009099999999992,188.19,500.5780000000003
378,CN1C(=O)[C@H](CS)N(C)C(=O)[C@H](Cc2cnc[nH]2)NC(=O)[C@H](CCCNC(N)N)NC(=O)C[C@H]1C(O)O,HC(M)D(M)R,cyclic,11,9,9,-4.209199999999992,232.03,543.6510000000003
379,CN1C(=O)[C@H](CS)N(C)C(=O)[C@H](Cc2cnc[nH]2)NC(=O)[C@H](CO)NC(=O)C[C@H]1C(O)O,HC(M)D(M)S,cyclic,9,7,5,-3.7876999999999916,188.19,472.5240000000002
380,C[C@@H](O)[C@@H]1NC(=O)C[C@@H](C(O)O)N(C)C(=O)[C@H](CS)N(C)C(=O)[C@H](Cc2cnc[nH]2)NC1=O,HC(M)D(M)T,cyclic,9,7,5,-3.3991999999999924,188.19,486.5510000000002
381,CN1C(=O)C[C@@H](C(O)O)N(C)C(=O)[C@H](CS)N(C)C(=O)[C@H](Cc2cnc[nH]2)NC(=O)C[C@H]1C(O)O,HC(M)D(M)D(M),cyclic,10,7,5,-3.7369999999999903,199.62999999999997,516.5770000000002
382,CN1C(=O)[C@H](CS)N(C)C(=O)[C@H](Cc2cnc[nH]2)NC(=O)[C@H](CS)N(C)C(=O)C[C@H]1C(O)O,HC(M)D(M)C(M),cyclic,9,6,5,-2.5079999999999925,159.17,502.61900000000026
383,CN1C(=O)C[C@@H](C(O)O)N(C)C(=O)[C@H](CS)N(C)C(=O)[C@H](Cc2cnc[nH]2)NC(=O)CC[C@H]1C(O)O,HC(M)D(M)E(M),cyclic,10,7,5,-3.346899999999991,199.62999999999997,530.6040000000003
384,CN1C(=O)[C@H](Cc2cnc[nH]2)NC(=O)[C@H](CCCNC(N)N)NC(=O)[C@H](CS)N(C)C(=O)[C@@H]1CS,HC(M)C(M)R,cyclic,10,8,9,-2.980199999999992,191.56999999999996,529.6930000000003
385,CN1C(=O)[C@H](Cc2cnc[nH]2)NC(=O)[C@H](CO)NC(=O)[C@H](CS)N(C)C(=O)[C@@H]1CS,HC(M)C(M)S,cyclic,8,6,5,-2.558699999999994,147.73,458.5660000000002
386,C[C@@H](O)[C@@H]1NC(=O)[C@H](CS)N(C)C(=O)[C@H](CS)N(C)C(=O)[C@H](Cc2cnc[nH]2)NC1=O,HC(M)C(M)T,cyclic,8,6,5,-2.170199999999994,147.73,472.5930000000002
387,CN1C(=O)[C@H](CS)N(C)C(=O)[C@H](CS)N(C)C(=O)[C@H](Cc2cnc[nH]2)NC(=O)C[C@H]1C(O)O,HC(M)C(M)D(M),cyclic,9,6,5,-2.507999999999993,159.17,502.61900000000026
388,CN1C(=O)[C@H](Cc2cnc[nH]2)NC(=O)[C@H](CS)N(C)C(=O)[C@H](CS)N(C)C(=O)[C@@H]1CS,HC(M)C(M)C(M),cyclic,8,5,5,-1.278999999999997,118.70999999999998,488.66100000000023
389,CN1C(=O)[C@H](CS)N(C)C(=O)[C@H](CS)N(C)C(=O)[C@H](Cc2cnc[nH]2)NC(=O)CC[C@H]1C(O)O,HC(M)C(M)E(M),cyclic,9,6,5,-2.1178999999999926,159.17,516.6460000000003
390,CN1C(=O)[C@H](CS)N(C)C(=O)[C@H](Cc2cnc[nH]2)NC(=O)[C@H](CCCNC(N)N)NC(=O)CC[C@H]1C(O)O,HC(M)E(M)R,cyclic,11,9,9,-3.8190999999999917,232.03,557.6780000000003
391,CN1C(=O)[C@H](CS)N(C)C(=O)[C@H](Cc2cnc[nH]2)NC(=O)[C@H](CO)NC(=O)CC[C@H]1C(O)O,HC(M)E(M)S,cyclic,9,7,5,-3.397599999999992,188.19,486.5510000000003
392,C[C@@H](O)[C@@H]1NC(=O)CC[C@@H](C(O)O)N(C)C(=O)[C@H](CS)N(C)C(=O)[C@H](Cc2cnc[nH]2)NC1=O,HC(M)E(M)T,cyclic,9,7,5,-3.009099999999992,188.19,500.57800000000026
393,CN1C(=O)CC[C@@H](C(O)O)N(C)C(=O)[C@H](CS)N(C)C(=O)[C@H](Cc2cnc[nH]2)NC(=O)C[C@H]1C(O)O,HC(M)E(M)D(M),cyclic,10,7,5,-3.346899999999991,199.62999999999997,530.6040000000003
394,CN1C(=O)[C@H](CS)N(C)C(=O)[C@H](Cc2cnc[nH]2)NC(=O)[C@H](CS)N(C)C(=O)CC[C@H]1C(O)O,HC(M)E(M)C(M),cyclic,9,6,5,-2.1178999999999926,159.17,516.6460000000003
395,CN1C(=O)CC[C@@H](C(O)O)N(C)C(=O)[C@H](CS)N(C)C(=O)[C@H](Cc2cnc[nH]2)NC(=O)CC[C@H]1C(O)O,HC(M)E(M)E(M),cyclic,10,7,5,-2.9567999999999905,199.62999999999997,544.6310000000003
396,CN1C(=O)[C@H](Cc2cnc[nH]2)NC(=O)[C@H](CCCNC(N)N)NC(=O)[C@H](CCCNC(N)N)NC(=O)CC[C@H]1C(O)O,HE(M)RR,cyclic,13,12,13,-5.520300000000011,304.89000000000004,598.7100000000003
397,CN1C(=O)[C@H](Cc2cnc[nH]2)NC(=O)[C@H](CO)NC(=O)[C@H](CCCNC(N)N)NC(=O)CC[C@H]1C(O)O,HE(M)RS,cyclic,11,10,9,-5.098800000000001,261.05,527.5830000000003
398,C[C@@H](O)[C@@H]1NC(=O)[C@H](CCCNC(N)N)NC(=O)CC[C@@H](C(O)O)N(C)C(=O)[C@H](Cc2cnc[nH]2)NC1=O,HE(M)RT,cyclic,11,10,9,-4.7102999999999975,261.05,541.6100000000002
399,CN1C(=O)[C@H](Cc2cnc[nH]2)NC(=O)C[C@@H](C(O)O)N(C)C(=O)[C@H](CCCNC(N)N)NC(=O)CC[C@H]1C(O)O,HE(M)RD(M),cyclic,12,10,9,-5.048099999999998,272.49,571.6360000000003
400,CN1C(=O)[C@H](Cc2cnc[nH]2)NC(=O)[C@H](CS)N(C)C(=O)[C@H](CCCNC(N)N)NC(=O)CC[C@H]1C(O)O,HE(M)RC(M),cyclic,11,9,9,-3.819099999999992,232.03,557.6780000000003
401,CN1C(=O)[C@H](CCCNC(N)N)NC(=O)CC[C@@H](C(O)O)N(C)C(=O)[C@H](Cc2cnc[nH]2)NC(=O)CC[C@H]1C(O)O,HE(M)RE(M),cyclic,12,10,9,-4.657999999999996,272.49,585.6630000000004
402,CN1C(=O)[C@H](Cc2cnc[nH]2)NC(=O)[C@H](CCCNC(N)N)NC(=O)[C@H](CO)NC(=O)CC[C@H]1C(O)O,HE(M)SR,cyclic,11,10,9,-5.098799999999999,261.05,527.5830000000003
403,CN1C(=O)[C@H](Cc2cnc[nH]2)NC(=O)[C@H](CO)NC(=O)[C@H](CO)NC(=O)CC[C@H]1C(O)O,HE(M)SS,cyclic,9,8,5,-4.677299999999992,217.20999999999998,456.4560000000002
404,C[C@@H](O)[C@@H]1NC(=O)[C@H](CO)NC(=O)CC[C@@H](C(O)O)N(C)C(=O)[C@H](Cc2cnc[nH]2)NC1=O,HE(M)ST,cyclic,9,8,5,-4.288799999999991,217.20999999999998,470.4830000000002
405,CN1C(=O)[C@H](Cc2cnc[nH]2)NC(=O)C[C@@H](C(O)O)N(C)C(=O)[C@H](CO)NC(=O)CC[C@H]1C(O)O,HE(M)SD(M),cyclic,10,8,5,-4.62659999999999,228.64999999999998,500.50900000000024
406,CN1C(=O)[C@H](Cc2cnc[nH]2)NC(=O)[C@H](CS)N(C)C(=O)[C@H](CO)NC(=O)CC[C@H]1C(O)O,HE(M)SC(M),cyclic,9,7,5,-3.397599999999992,188.19,486.5510000000002
407,CN1C(=O)[C@H](CO)NC(=O)CC[C@@H](C(O)O)N(C)C(=O)[C@H](Cc2cnc[nH]2)NC(=O)CC[C@H]1C(O)O,HE(M)SE(M),cyclic,10,8,5,-4.23649999999999,228.64999999999998,514.5360000000003
408,C[C@@H](O)[C@@H]1NC(=O)CC[C@@H](C(O)O)N(C)C(=O)[C@H](Cc2cnc[nH]2)NC(=O)[C@H](CCCNC(N)N)NC1=O,HE(M)TR,cyclic,11,10,9,-4.710299999999996,261.05,541.6100000000002
409,C[C@@H](O)[C@@H]1NC(=O)CC[C@@H](C(O)O)N(C)C(=O)[C@H](Cc2cnc[nH]2)NC(=O)[C@H](CO)NC1=O,HE(M)TS,cyclic,9,8,5,-4.288799999999991,217.20999999999998,470.4830000000002
410,C[C@@H](O)[C@@H]1NC(=O)CC[C@@H](C(O)O)N(C)C(=O)[C@H](Cc2cnc[nH]2)NC(=O)[C@H]([C@@H](C)O)NC1=O,HE(M)TT,cyclic,9,8,5,-3.9002999999999908,217.20999999999998,484.51000000000016
411,C[C@@H](O)[C@@H]1NC(=O)CC[C@@H](C(O)O)N(C)C(=O)[C@H](Cc2cnc[nH]2)NC(=O)C[C@@H](C(O)O)N(C)C1=O,HE(M)TD(M),cyclic,10,8,5,-4.2380999999999895,228.64999999999998,514.5360000000002
412,C[C@@H](O)[C@@H]1NC(=O)CC[C@@H](C(O)O)N(C)C(=O)[C@H](Cc2cnc[nH]2)NC(=O)[C@H](CS)N(C)C1=O,HE(M)TC(M),cyclic,9,7,5,-3.0090999999999917,188.19,500.5780000000002
413,C[C@@H](O)[C@@H]1NC(=O)CC[C@@H](C(O)O)N(C)C(=O)[C@H](Cc2cnc[nH]2)NC(=O)CC[C@@H](C(O)O)N(C)C1=O,HE(M)TE(M),cyclic,10,8,5,-3.847999999999989,228.64999999999998,528.5630000000002
414,CN1C(=O)CC[C@@H](C(O)O)N(C)C(=O)[C@H](Cc2cnc[nH]2)NC(=O)[C@H](CCCNC(N)N)NC(=O)C[C@H]1C(O)O,HE(M)D(M)R,cyclic,12,10,9,-5.048099999999996,272.49,571.6360000000003
415,CN1C(=O)CC[C@@H](C(O)O)N(C)C(=O)[C@H](Cc2cnc[nH]2)NC(=O)[C@H](CO)NC(=O)C[C@H]1C(O)O,HE(M)D(M)S,cyclic,10,8,5,-4.62659999999999,228.64999999999998,500.50900000000024
416,C[C@@H](O)[C@@H]1NC(=O)C[C@@H](C(O)O)N(C)C(=O)CC[C@@H](C(O)O)N(C)C(=O)[C@H](Cc2cnc[nH]2)NC1=O,HE(M)D(M)T,cyclic,10,8,5,-4.2380999999999895,228.64999999999998,514.5360000000002
417,CN1C(=O)C[C@@H](C(O)O)N(C)C(=O)CC[C@@H](C(O)O)N(C)C(=O)[C@H](Cc2cnc[nH]2)NC(=O)C[C@H]1C(O)O,HE(M)D(M)D(M),cyclic,11,8,5,-4.575899999999988,240.08999999999997,544.5620000000002
418,CN1C(=O)CC[C@@H](C(O)O)N(C)C(=O)[C@H](Cc2cnc[nH]2)NC(=O)[C@H](CS)N(C)C(=O)C[C@H]1C(O)O,HE(M)D(M)C(M),cyclic,10,7,5,-3.3468999999999904,199.63,530.6040000000003
419,CN1C(=O)C[C@@H](C(O)O)N(C)C(=O)CC[C@@H](C(O)O)N(C)C(=O)[C@H](Cc2cnc[nH]2)NC(=O)CC[C@H]1C(O)O,HE(M)D(M)E(M),cyclic,11,8,5,-4.185799999999988,240.08999999999997,558.5890000000003
420,CN1C(=O)[C@H](Cc2cnc[nH]2)NC(=O)[C@H](CCCNC(N)N)NC(=O)[C@H](CS)N(C)C(=O)CC[C@H]1C(O)O,HE(M)C(M)R,cyclic,11,9,9,-3.8190999999999917,232.03,557.6780000000003
421,CN1C(=O)[C@H](Cc2cnc[nH]2)NC(=O)[C@H](CO)NC(=O)[C@H](CS)N(C)C(=O)CC[C@H]1C(O)O,HE(M)C(M)S,cyclic,9,7,5,-3.397599999999992,188.19,486.5510000000002
422,C[C@@H](O)[C@@H]1NC(=O)[C@H](CS)N(C)C(=O)CC[C@@H](C(O)O)N(C)C(=O)[C@H](Cc2cnc[nH]2)NC1=O,HE(M)C(M)T,cyclic,9,7,5,-3.009099999999992,188.19,500.5780000000002
423,CN1C(=O)[C@H](Cc2cnc[nH]2)NC(=O)C[C@@H](C(O)O)N(C)C(=O)[C@H](CS)N(C)C(=O)CC[C@H]1C(O)O,HE(M)C(M)D(M),cyclic,10,7,5,-3.346899999999991,199.62999999999997,530.6040000000003
424,CN1C(=O)[C@H](Cc2cnc[nH]2)NC(=O)[C@H](CS)N(C)C(=O)[C@H](CS)N(C)C(=O)CC[C@H]1C(O)O,HE(M)C(M)C(M),cyclic,9,6,5,-2.1178999999999926,159.17,516.6460000000002
425,CN1C(=O)[C@H](Cc2cnc[nH]2)NC(=O)CC[C@@H](C(O)O)N(C)C(=O)[C@H](CS)N(C)C(=O)CC[C@H]1C(O)O,HE(M)C(M)E(M),cyclic,10,7,5,-2.9567999999999905,199.62999999999997,544.6310000000003
426,CN1C(=O)CC[C@@H](C(O)O)N(C)C(=O)[C@H](Cc2cnc[nH]2)NC(=O)[C@H](CCCNC(N)N)NC(=O)CC[C@H]1C(O)O,HE(M)E(M)R,cyclic,12,10,9,-4.657999999999994,272.49,585.6630000000004
427,CN1C(=O)CC[C@@H](C(O)O)N(C)C(=O)[C@H](Cc2cnc[nH]2)NC(=O)[C@H](CO)NC(=O)CC[C@H]1C(O)O,HE(M)E(M)S,cyclic,10,8,5,-4.23649999999999,228.64999999999998,514.5360000000003
428,C[C@@H](O)[C@@H]1NC(=O)CC[C@@H](C(O)O)N(C)C(=O)CC[C@@H](C(O)O)N(C)C(=O)[C@H](Cc2cnc[nH]2)NC1=O,HE(M)E(M)T,cyclic,10,8,5,-3.847999999999989,228.64999999999998,528.5630000000002
429,CN1C(=O)CC[C@@H](C(O)O)N(C)C(=O)[C@H](Cc2cnc[nH]2)NC(=O)C[C@@H](C(O)O)N(C)C(=O)CC[C@H]1C(O)O,HE(M)E(M)D(M),cyclic,11,8,5,-4.185799999999988,240.08999999999997,558.5890000000003
430,CN1C(=O)CC[C@@H](C(O)O)N(C)C(=O)[C@H](Cc2cnc[nH]2)NC(=O)[C@H](CS)N(C)C(=O)CC[C@H]1C(O)O,HE(M)E(M)C(M),cyclic,10,7,5,-2.95679999999999,199.63,544.6310000000003
431,CN1C(=O)CC[C@@H](C(O)O)N(C)C(=O)CC[C@@H](C(O)O)N(C)C(=O)[C@H](Cc2cnc[nH]2)NC(=O)CC[C@H]1C(O)O,HE(M)E(M)E(M),cyclic,11,8,5,-3.7956999999999876,240.08999999999997,572.6160000000003
